period,interval,year,category,registrations,source
2018M01,monthly,2017,BEV,40,ACEA
2018M01,monthly,2017,DIESEL,0,ACEA
2018M01,monthly,2017,HEV,0,ACEA
2018M01,monthly,2017,OTHER,0,ACEA
2018M01,monthly,2017,PETROL,0,ACEA
2018M01,monthly,2017,PHEV,261,ACEA
2018M01,monthly,2017,TOTAL,1623,ACEA
2018M02,monthly,2017.083333,BEV,39,ACEA
2018M02,monthly,2017.083333,DIESEL,0,ACEA
2018M02,monthly,2017.083333,HEV,0,ACEA
2018M02,monthly,2017.083333,OTHER,0,ACEA
2018M02,monthly,2017.083333,PETROL,0,ACEA
2018M02,monthly,2017.083333,PHEV,176,ACEA
2018M02,monthly,2017.083333,TOTAL,1159,ACEA
2018M03,monthly,2017.166667,BEV,50,ACEA
2018M03,monthly,2017.166667,DIESEL,0,ACEA
2018M03,monthly,2017.166667,HEV,0,ACEA
2018M03,monthly,2017.166667,OTHER,0,ACEA
2018M03,monthly,2017.166667,PETROL,0,ACEA
2018M03,monthly,2017.166667,PHEV,168,ACEA
2018M03,monthly,2017.166667,TOTAL,1834,ACEA
2018M04,monthly,2017.25,BEV,56,ACEA
2018M04,monthly,2017.25,DIESEL,0,ACEA
2018M04,monthly,2017.25,HEV,0,ACEA
2018M04,monthly,2017.25,OTHER,0,ACEA
2018M04,monthly,2017.25,PETROL,0,ACEA
2018M04,monthly,2017.25,PHEV,250,ACEA
2018M04,monthly,2017.25,TOTAL,1812,ACEA
2018M05,monthly,2017.333333,BEV,85,ACEA
2018M05,monthly,2017.333333,DIESEL,0,ACEA
2018M05,monthly,2017.333333,HEV,0,ACEA
2018M05,monthly,2017.333333,OTHER,0,ACEA
2018M05,monthly,2017.333333,PETROL,0,ACEA
2018M05,monthly,2017.333333,PHEV,289,ACEA
2018M05,monthly,2017.333333,TOTAL,2858,ACEA
2018M06,monthly,2017.416667,BEV,69,ACEA
2018M06,monthly,2017.416667,DIESEL,0,ACEA
2018M06,monthly,2017.416667,HEV,0,ACEA
2018M06,monthly,2017.416667,OTHER,0,ACEA
2018M06,monthly,2017.416667,PETROL,0,ACEA
2018M06,monthly,2017.416667,PHEV,300,ACEA
2018M06,monthly,2017.416667,TOTAL,1597,ACEA
2018M07,monthly,2017.5,BEV,76,ACEA
2018M07,monthly,2017.5,DIESEL,0,ACEA
2018M07,monthly,2017.5,HEV,0,ACEA
2018M07,monthly,2017.5,OTHER,0,ACEA
2018M07,monthly,2017.5,PETROL,0,ACEA
2018M07,monthly,2017.5,PHEV,316,ACEA
2018M07,monthly,2017.5,TOTAL,1689,ACEA
2018M08,monthly,2017.583333,BEV,40,ACEA
2018M08,monthly,2017.583333,DIESEL,0,ACEA
2018M08,monthly,2017.583333,HEV,0,ACEA
2018M08,monthly,2017.583333,OTHER,0,ACEA
2018M08,monthly,2017.583333,PETROL,0,ACEA
2018M08,monthly,2017.583333,PHEV,285,ACEA
2018M08,monthly,2017.583333,TOTAL,1464,ACEA
2018M09,monthly,2017.666667,BEV,64,ACEA
2018M09,monthly,2017.666667,DIESEL,0,ACEA
2018M09,monthly,2017.666667,HEV,0,ACEA
2018M09,monthly,2017.666667,OTHER,0,ACEA
2018M09,monthly,2017.666667,PETROL,0,ACEA
2018M09,monthly,2017.666667,PHEV,179,ACEA
2018M09,monthly,2017.666667,TOTAL,935,ACEA
2018M10,monthly,2017.75,BEV,95,ACEA
2018M10,monthly,2017.75,DIESEL,0,ACEA
2018M10,monthly,2017.75,HEV,0,ACEA
2018M10,monthly,2017.75,OTHER,0,ACEA
2018M10,monthly,2017.75,PETROL,0,ACEA
2018M10,monthly,2017.75,PHEV,172,ACEA
2018M10,monthly,2017.75,TOTAL,804,ACEA
2018M11,monthly,2017.833333,BEV,102,ACEA
2018M11,monthly,2017.833333,DIESEL,0,ACEA
2018M11,monthly,2017.833333,HEV,0,ACEA
2018M11,monthly,2017.833333,OTHER,0,ACEA
2018M11,monthly,2017.833333,PETROL,0,ACEA
2018M11,monthly,2017.833333,PHEV,171,ACEA
2018M11,monthly,2017.833333,TOTAL,722,ACEA
2018M12,monthly,2017.916667,BEV,52,ACEA
2018M12,monthly,2017.916667,DIESEL,0,ACEA
2018M12,monthly,2017.916667,HEV,0,ACEA
2018M12,monthly,2017.916667,OTHER,0,ACEA
2018M12,monthly,2017.916667,PETROL,0,ACEA
2018M12,monthly,2017.916667,PHEV,102,ACEA
2018M12,monthly,2017.916667,TOTAL,481,ACEA
2019M01,monthly,2018,BEV,102,ACEA
2019M01,monthly,2018,DIESEL,273.2943771,ACEA
2019M01,monthly,2018,HEV,50.36824697,ACEA
2019M01,monthly,2018,OTHER,0,ACEA
2019M01,monthly,2018,PETROL,360.0396913,ACEA
2019M01,monthly,2018,PHEV,123,ACEA
2019M01,monthly,2018,TOTAL,846,ACEA
2019M02,monthly,2018.083333,BEV,47,ACEA
2019M02,monthly,2018.083333,DIESEL,258.7574421,ACEA
2019M02,monthly,2018.083333,HEV,47.6890849,ACEA
2019M02,monthly,2018.083333,OTHER,0,ACEA
2019M02,monthly,2018.083333,PETROL,340.8886439,ACEA
2019M02,monthly,2018.083333,PHEV,124,ACEA
2019M02,monthly,2018.083333,TOTAL,801,ACEA
2019M03,monthly,2018.166667,BEV,93,ACEA
2019M03,monthly,2018.166667,DIESEL,346.9481808,ACEA
2019M03,monthly,2018.166667,HEV,63.94266814,ACEA
2019M03,monthly,2018.166667,OTHER,0,ACEA
2019M03,monthly,2018.166667,PETROL,457.0716648,ACEA
2019M03,monthly,2018.166667,PHEV,148,ACEA
2019M03,monthly,2018.166667,TOTAL,1074,ACEA
2019M04,monthly,2018.25,BEV,78,ACEA
2019M04,monthly,2018.25,DIESEL,382.124426,ACEA
2019M04,monthly,2018.25,HEV,96.38464903,ACEA
2019M04,monthly,2018.25,OTHER,0,ACEA
2019M04,monthly,2018.25,PETROL,562.5501859,ACEA
2019M04,monthly,2018.25,PHEV,163,ACEA
2019M04,monthly,2018.25,TOTAL,1201,ACEA
2019M05,monthly,2018.333333,BEV,108,ACEA
2019M05,monthly,2018.333333,DIESEL,640.4799913,ACEA
2019M05,monthly,2018.333333,HEV,161.5506232,ACEA
2019M05,monthly,2018.333333,OTHER,0,ACEA
2019M05,monthly,2018.333333,PETROL,942.8921933,ACEA
2019M05,monthly,2018.333333,PHEV,167,ACEA
2019M05,monthly,2018.333333,TOTAL,2013,ACEA
2019M06,monthly,2018.416667,BEV,79,ACEA
2019M06,monthly,2018.416667,DIESEL,432.3955828,ACEA
2019M06,monthly,2018.416667,HEV,109.0647277,ACEA
2019M06,monthly,2018.416667,OTHER,0,ACEA
2019M06,monthly,2018.416667,PETROL,636.5576208,ACEA
2019M06,monthly,2018.416667,PHEV,134,ACEA
2019M06,monthly,2018.416667,TOTAL,1359,ACEA
2019M07,monthly,2018.5,BEV,133,ACEA
2019M07,monthly,2018.5,DIESEL,221.439211,ACEA
2019M07,monthly,2018.5,HEV,91.48510467,ACEA
2019M07,monthly,2018.5,OTHER,0,ACEA
2019M07,monthly,2018.5,PETROL,324.2387279,ACEA
2019M07,monthly,2018.5,PHEV,139,ACEA
2019M07,monthly,2018.5,TOTAL,803,ACEA
2019M08,monthly,2018.583333,BEV,148,ACEA
2019M08,monthly,2018.583333,DIESEL,277.9710145,ACEA
2019M08,monthly,2018.583333,HEV,114.8405797,ACEA
2019M08,monthly,2018.583333,OTHER,0,ACEA
2019M08,monthly,2018.583333,PETROL,407.0144928,ACEA
2019M08,monthly,2018.583333,PHEV,151,ACEA
2019M08,monthly,2018.583333,TOTAL,1008,ACEA
2019M09,monthly,2018.666667,BEV,92,ACEA
2019M09,monthly,2018.666667,DIESEL,197.1719002,ACEA
2019M09,monthly,2018.666667,HEV,81.45933977,ACEA
2019M09,monthly,2018.666667,OTHER,0,ACEA
2019M09,monthly,2018.666667,PETROL,288.7057166,ACEA
2019M09,monthly,2018.666667,PHEV,167,ACEA
2019M09,monthly,2018.666667,TOTAL,715,ACEA
2019M10,monthly,2018.75,BEV,115,ACEA
2019M10,monthly,2018.75,DIESEL,171.3703704,ACEA
2019M10,monthly,2018.75,HEV,80.78888889,ACEA
2019M10,monthly,2018.75,OTHER,0,ACEA
2019M10,monthly,2018.75,PETROL,236.0714286,ACEA
2019M10,monthly,2018.75,PHEV,156,ACEA
2019M10,monthly,2018.75,TOTAL,661,ACEA
2019M11,monthly,2018.833333,BEV,94,ACEA
2019M11,monthly,2018.833333,DIESEL,166.4444444,ACEA
2019M11,monthly,2018.833333,HEV,78.46666667,ACEA
2019M11,monthly,2018.833333,OTHER,0,ACEA
2019M11,monthly,2018.833333,PETROL,229.2857143,ACEA
2019M11,monthly,2018.833333,PHEV,145,ACEA
2019M11,monthly,2018.833333,TOTAL,642,ACEA
2019M12,monthly,2018.916667,BEV,50,ACEA
2019M12,monthly,2018.916667,DIESEL,152.1851852,ACEA
2019M12,monthly,2018.916667,HEV,71.74444444,ACEA
2019M12,monthly,2018.916667,OTHER,0,ACEA
2019M12,monthly,2018.916667,PETROL,209.6428571,ACEA
2019M12,monthly,2018.916667,PHEV,117,ACEA
2019M12,monthly,2018.916667,TOTAL,587,ACEA
2020M01,monthly,2019,BEV,228.6268116,ACEA
2020M01,monthly,2019,DIESEL,128.442029,ACEA
2020M01,monthly,2019,HEV,84.77173913,ACEA
2020M01,monthly,2019,OTHER,6.850241546,ACEA
2020M01,monthly,2019,PETROL,154.986715,ACEA
2020M01,monthly,2019,PHEV,105.3224638,ACEA
2020M01,monthly,2019,TOTAL,709,ACEA
2020M02,monthly,2019.083333,BEV,224.7572464,ACEA
2020M02,monthly,2019.083333,DIESEL,126.2681159,ACEA
2020M02,monthly,2019.083333,HEV,83.33695652,ACEA
2020M02,monthly,2019.083333,OTHER,6.734299517,ACEA
2020M02,monthly,2019.083333,PETROL,152.3635266,ACEA
2020M02,monthly,2019.083333,PHEV,103.5398551,ACEA
2020M02,monthly,2019.083333,TOTAL,697,ACEA
2020M03,monthly,2019.166667,BEV,347.615942,ACEA
2020M03,monthly,2019.166667,DIESEL,195.2898551,ACEA
2020M03,monthly,2019.166667,HEV,128.8913043,ACEA
2020M03,monthly,2019.166667,OTHER,10.41545894,ACEA
2020M03,monthly,2019.166667,PETROL,235.6497585,ACEA
2020M03,monthly,2019.166667,PHEV,160.1376812,ACEA
2020M03,monthly,2019.166667,TOTAL,1078,ACEA
2020M04,monthly,2019.25,BEV,58.01635514,ACEA
2020M04,monthly,2019.25,DIESEL,78.87616822,ACEA
2020M04,monthly,2019.25,HEV,54.10514019,ACEA
2020M04,monthly,2019.25,OTHER,2.390186916,ACEA
2020M04,monthly,2019.25,PETROL,95.82476636,ACEA
2020M04,monthly,2019.25,PHEV,82.78738318,ACEA
2020M04,monthly,2019.25,TOTAL,372,ACEA
2020M05,monthly,2019.333333,BEV,80.47429907,ACEA
2020M05,monthly,2019.333333,DIESEL,109.4088785,ACEA
2020M05,monthly,2019.333333,HEV,75.04906542,ACEA
2020M05,monthly,2019.333333,OTHER,3.315420561,ACEA
2020M05,monthly,2019.333333,PETROL,132.9182243,ACEA
2020M05,monthly,2019.333333,PHEV,114.8341121,ACEA
2020M05,monthly,2019.333333,TOTAL,516,ACEA
2020M06,monthly,2019.416667,BEV,128.5093458,ACEA
2020M06,monthly,2019.416667,DIESEL,174.7149533,ACEA
2020M06,monthly,2019.416667,HEV,119.8457944,ACEA
2020M06,monthly,2019.416667,OTHER,5.294392523,ACEA
2020M06,monthly,2019.416667,PETROL,212.2570093,ACEA
2020M06,monthly,2019.416667,PHEV,183.3785047,ACEA
2020M06,monthly,2019.416667,TOTAL,824,ACEA
2020M07,monthly,2019.5,BEV,329.2097561,ACEA
2020M07,monthly,2019.5,DIESEL,330.6536585,ACEA
2020M07,monthly,2019.5,HEV,193.4829268,ACEA
2020M07,monthly,2019.5,OTHER,7.219512195,ACEA
2020M07,monthly,2019.5,PETROL,388.4097561,ACEA
2020M07,monthly,2019.5,PHEV,231.0243902,ACEA
2020M07,monthly,2019.5,TOTAL,1480,ACEA
2020M08,monthly,2019.583333,BEV,129.2370732,ACEA
2020M08,monthly,2019.583333,DIESEL,129.8039024,ACEA
2020M08,monthly,2019.583333,HEV,75.95512195,ACEA
2020M08,monthly,2019.583333,OTHER,2.834146341,ACEA
2020M08,monthly,2019.583333,PETROL,152.4770732,ACEA
2020M08,monthly,2019.583333,PHEV,90.69268293,ACEA
2020M08,monthly,2019.583333,TOTAL,581,ACEA
2020M09,monthly,2019.666667,BEV,225.5531707,ACEA
2020M09,monthly,2019.666667,DIESEL,226.542439,ACEA
2020M09,monthly,2019.666667,HEV,132.5619512,ACEA
2020M09,monthly,2019.666667,OTHER,4.946341463,ACEA
2020M09,monthly,2019.666667,PETROL,266.1131707,ACEA
2020M09,monthly,2019.666667,PHEV,158.2829268,ACEA
2020M09,monthly,2019.666667,TOTAL,1014,ACEA
2020M10,monthly,2019.75,BEV,212.3845788,ACEA
2020M10,monthly,2019.75,DIESEL,105.6639695,ACEA
2020M10,monthly,2019.75,HEV,78.19133746,ACEA
2020M10,monthly,2019.75,OTHER,1.408852927,ACEA
2020M10,monthly,2019.75,PETROL,122.5702047,ACEA
2020M10,monthly,2019.75,PHEV,219.7810566,ACEA
2020M10,monthly,2019.75,TOTAL,740,ACEA
2020M11,monthly,2019.833333,BEV,159.8624465,ACEA
2020M11,monthly,2019.833333,DIESEL,79.53355545,ACEA
2020M11,monthly,2019.833333,HEV,58.85483103,ACEA
2020M11,monthly,2019.833333,OTHER,1.060447406,ACEA
2020M11,monthly,2019.833333,PETROL,92.25892432,ACEA
2020M11,monthly,2019.833333,PHEV,165.4297953,ACEA
2020M11,monthly,2019.833333,TOTAL,557,ACEA
2020M12,monthly,2019.916667,BEV,230.7529748,ACEA
2020M12,monthly,2019.916667,DIESEL,114.802475,ACEA
2020M12,monthly,2019.916667,HEV,84.95383151,ACEA
2020M12,monthly,2019.916667,OTHER,1.530699667,ACEA
2020M12,monthly,2019.916667,PETROL,133.170871,ACEA
2020M12,monthly,2019.916667,PHEV,238.789148,ACEA
2020M12,monthly,2019.916667,TOTAL,804,ACEA
2021M01,monthly,2020,BEV,178.6666667,ACEA
2021M01,monthly,2020,DIESEL,110.6666667,ACEA
2021M01,monthly,2020,HEV,110.3333333,ACEA
2021M01,monthly,2020,OTHER,1,ACEA
2021M01,monthly,2020,PETROL,115.6666667,ACEA
2021M01,monthly,2020,PHEV,180.6666667,ACEA
2021M01,monthly,2020,TOTAL,697,ACEA
2021M02,monthly,2020.083333,BEV,178.6666667,ACEA
2021M02,monthly,2020.083333,DIESEL,110.6666667,ACEA
2021M02,monthly,2020.083333,HEV,110.3333333,ACEA
2021M02,monthly,2020.083333,OTHER,1,ACEA
2021M02,monthly,2020.083333,PETROL,115.6666667,ACEA
2021M02,monthly,2020.083333,PHEV,180.6666667,ACEA
2021M02,monthly,2020.083333,TOTAL,697,ACEA
2021M03,monthly,2020.166667,BEV,178.6666667,ACEA
2021M03,monthly,2020.166667,DIESEL,110.6666667,ACEA
2021M03,monthly,2020.166667,HEV,110.3333333,ACEA
2021M03,monthly,2020.166667,OTHER,1,ACEA
2021M03,monthly,2020.166667,PETROL,115.6666667,ACEA
2021M03,monthly,2020.166667,PHEV,180.6666667,ACEA
2021M03,monthly,2020.166667,TOTAL,697,ACEA
2021M04,monthly,2020.25,BEV,234.3333333,ACEA
2021M04,monthly,2020.25,DIESEL,200,ACEA
2021M04,monthly,2020.25,HEV,308.6666667,ACEA
2021M04,monthly,2020.25,OTHER,1,ACEA
2021M04,monthly,2020.25,PETROL,274.6666667,ACEA
2021M04,monthly,2020.25,PHEV,299.6666667,ACEA
2021M04,monthly,2020.25,TOTAL,1318.333333,ACEA
2021M05,monthly,2020.333333,BEV,234.3333333,ACEA
2021M05,monthly,2020.333333,DIESEL,200,ACEA
2021M05,monthly,2020.333333,HEV,308.6666667,ACEA
2021M05,monthly,2020.333333,OTHER,1,ACEA
2021M05,monthly,2020.333333,PETROL,274.6666667,ACEA
2021M05,monthly,2020.333333,PHEV,299.6666667,ACEA
2021M05,monthly,2020.333333,TOTAL,1318.333333,ACEA
2021M06,monthly,2020.416667,BEV,234.3333333,ACEA
2021M06,monthly,2020.416667,DIESEL,200,ACEA
2021M06,monthly,2020.416667,HEV,308.6666667,ACEA
2021M06,monthly,2020.416667,OTHER,1,ACEA
2021M06,monthly,2020.416667,PETROL,274.6666667,ACEA
2021M06,monthly,2020.416667,PHEV,299.6666667,ACEA
2021M06,monthly,2020.416667,TOTAL,1318.333333,ACEA
2021M07,monthly,2020.5,BEV,373,ACEA
2021M07,monthly,2020.5,DIESEL,122,ACEA
2021M07,monthly,2020.5,HEV,237.6666667,ACEA
2021M07,monthly,2020.5,OTHER,1,ACEA
2021M07,monthly,2020.5,PETROL,225.3333333,ACEA
2021M07,monthly,2020.5,PHEV,295.3333333,ACEA
2021M07,monthly,2020.5,TOTAL,1254.333333,ACEA
2021M08,monthly,2020.583333,BEV,373,ACEA
2021M08,monthly,2020.583333,DIESEL,122,ACEA
2021M08,monthly,2020.583333,HEV,237.6666667,ACEA
2021M08,monthly,2020.583333,OTHER,1,ACEA
2021M08,monthly,2020.583333,PETROL,225.3333333,ACEA
2021M08,monthly,2020.583333,PHEV,295.3333333,ACEA
2021M08,monthly,2020.583333,TOTAL,1254.333333,ACEA
2021M09,monthly,2020.666667,BEV,373,ACEA
2021M09,monthly,2020.666667,DIESEL,122,ACEA
2021M09,monthly,2020.666667,HEV,237.6666667,ACEA
2021M09,monthly,2020.666667,OTHER,1,ACEA
2021M09,monthly,2020.666667,PETROL,225.3333333,ACEA
2021M09,monthly,2020.666667,PHEV,295.3333333,ACEA
2021M09,monthly,2020.666667,TOTAL,1254.333333,ACEA
2021M10,monthly,2020.75,BEV,402,ACEA
2021M10,monthly,2020.75,DIESEL,91.33333333,ACEA
2021M10,monthly,2020.75,HEV,101.3333333,ACEA
2021M10,monthly,2020.75,OTHER,1,ACEA
2021M10,monthly,2020.75,PETROL,37,ACEA
2021M10,monthly,2020.75,PHEV,364.6666667,ACEA
2021M10,monthly,2020.75,TOTAL,997.3333333,ACEA
2021M11,monthly,2020.833333,BEV,402,ACEA
2021M11,monthly,2020.833333,DIESEL,91.33333333,ACEA
2021M11,monthly,2020.833333,HEV,101.3333333,ACEA
2021M11,monthly,2020.833333,OTHER,1,ACEA
2021M11,monthly,2020.833333,PETROL,37,ACEA
2021M11,monthly,2020.833333,PHEV,364.6666667,ACEA
2021M11,monthly,2020.833333,TOTAL,997.3333333,ACEA
2021M12,monthly,2020.916667,BEV,402,ACEA
2021M12,monthly,2020.916667,DIESEL,91.33333333,ACEA
2021M12,monthly,2020.916667,HEV,101.3333333,ACEA
2021M12,monthly,2020.916667,OTHER,1,ACEA
2021M12,monthly,2020.916667,PETROL,37,ACEA
2021M12,monthly,2020.916667,PHEV,364.6666667,ACEA
2021M12,monthly,2020.916667,TOTAL,997.3333333,ACEA
2022M01,monthly,2021,BEV,329,ACEA
2022M01,monthly,2021,DIESEL,81,ACEA
2022M01,monthly,2021,HEV,117,ACEA
2022M01,monthly,2021,OTHER,0,ACEA
2022M01,monthly,2021,PETROL,67,ACEA
2022M01,monthly,2021,PHEV,290,ACEA
2022M01,monthly,2021,TOTAL,884,ACEA
2022M02,monthly,2021.083333,BEV,320,ACEA
2022M02,monthly,2021.083333,DIESEL,88,ACEA
2022M02,monthly,2021.083333,HEV,142,ACEA
2022M02,monthly,2021.083333,OTHER,0,ACEA
2022M02,monthly,2021.083333,PETROL,87,ACEA
2022M02,monthly,2021.083333,PHEV,245,ACEA
2022M02,monthly,2021.083333,TOTAL,882,ACEA
2022M03,monthly,2021.166667,BEV,685,ACEA
2022M03,monthly,2021.166667,DIESEL,181,ACEA
2022M03,monthly,2021.166667,HEV,199,ACEA
2022M03,monthly,2021.166667,OTHER,0,ACEA
2022M03,monthly,2021.166667,PETROL,134,ACEA
2022M03,monthly,2021.166667,PHEV,252,ACEA
2022M03,monthly,2021.166667,TOTAL,1451,ACEA
2022M04,monthly,2021.25,BEV,279,ACEA
2022M04,monthly,2021.25,DIESEL,116,ACEA
2022M04,monthly,2021.25,HEV,345,ACEA
2022M04,monthly,2021.25,OTHER,0,ACEA
2022M04,monthly,2021.25,PETROL,193,ACEA
2022M04,monthly,2021.25,PHEV,470,ACEA
2022M04,monthly,2021.25,TOTAL,1403,ACEA
2022M05,monthly,2021.333333,BEV,403,ACEA
2022M05,monthly,2021.333333,DIESEL,328,ACEA
2022M05,monthly,2021.333333,HEV,489,ACEA
2022M05,monthly,2021.333333,OTHER,0,ACEA
2022M05,monthly,2021.333333,PETROL,369,ACEA
2022M05,monthly,2021.333333,PHEV,630,ACEA
2022M05,monthly,2021.333333,TOTAL,2219,ACEA
2022M06,monthly,2021.416667,BEV,389,ACEA
2022M06,monthly,2021.416667,DIESEL,552,ACEA
2022M06,monthly,2021.416667,HEV,580,ACEA
2022M06,monthly,2021.416667,OTHER,0,ACEA
2022M06,monthly,2021.416667,PETROL,397,ACEA
2022M06,monthly,2021.416667,PHEV,570,ACEA
2022M06,monthly,2021.416667,TOTAL,2488,ACEA
2022M07,monthly,2021.5,BEV,319,ACEA
2022M07,monthly,2021.5,DIESEL,342,ACEA
2022M07,monthly,2021.5,HEV,383,ACEA
2022M07,monthly,2021.5,OTHER,0,ACEA
2022M07,monthly,2021.5,PETROL,231,ACEA
2022M07,monthly,2021.5,PHEV,350,ACEA
2022M07,monthly,2021.5,TOTAL,1625,ACEA
2022M08,monthly,2021.583333,BEV,272,ACEA
2022M08,monthly,2021.583333,DIESEL,246,ACEA
2022M08,monthly,2021.583333,HEV,154,ACEA
2022M08,monthly,2021.583333,OTHER,0,ACEA
2022M08,monthly,2021.583333,PETROL,105,ACEA
2022M08,monthly,2021.583333,PHEV,200,ACEA
2022M08,monthly,2021.583333,TOTAL,977,ACEA
2022M09,monthly,2021.666667,BEV,636,ACEA
2022M09,monthly,2021.666667,DIESEL,116,ACEA
2022M09,monthly,2021.666667,HEV,116,ACEA
2022M09,monthly,2021.666667,OTHER,0,ACEA
2022M09,monthly,2021.666667,PETROL,165,ACEA
2022M09,monthly,2021.666667,PHEV,159,ACEA
2022M09,monthly,2021.666667,TOTAL,1192,ACEA
2022M10,monthly,2021.75,BEV,301,ACEA
2022M10,monthly,2021.75,DIESEL,123,ACEA
2022M10,monthly,2021.75,HEV,130,ACEA
2022M10,monthly,2021.75,OTHER,0,ACEA
2022M10,monthly,2021.75,PETROL,78,ACEA
2022M10,monthly,2021.75,PHEV,179,ACEA
2022M10,monthly,2021.75,TOTAL,811,ACEA
2022M11,monthly,2021.833333,BEV,717,ACEA
2022M11,monthly,2021.833333,DIESEL,115,ACEA
2022M11,monthly,2021.833333,HEV,171,ACEA
2022M11,monthly,2021.833333,OTHER,0,ACEA
2022M11,monthly,2021.833333,PETROL,99,ACEA
2022M11,monthly,2021.833333,PHEV,191,ACEA
2022M11,monthly,2021.833333,TOTAL,1293,ACEA
2022M12,monthly,2021.916667,BEV,916,ACEA
2022M12,monthly,2021.916667,DIESEL,97,ACEA
2022M12,monthly,2021.916667,HEV,161,ACEA
2022M12,monthly,2021.916667,OTHER,0,ACEA
2022M12,monthly,2021.916667,PETROL,60,ACEA
2022M12,monthly,2021.916667,PHEV,216,ACEA
2022M12,monthly,2021.916667,TOTAL,1450,ACEA
2023M01,monthly,2022,BEV,196,ACEA
2023M01,monthly,2022,DIESEL,149,ACEA
2023M01,monthly,2022,HEV,149,ACEA
2023M01,monthly,2022,OTHER,1,ACEA
2023M01,monthly,2022,PETROL,123,ACEA
2023M01,monthly,2022,PHEV,112,ACEA
2023M01,monthly,2022,TOTAL,730,ACEA
2023M02,monthly,2022.083333,BEV,469,ACEA
2023M02,monthly,2022.083333,DIESEL,98,ACEA
2023M02,monthly,2022.083333,HEV,114,ACEA
2023M02,monthly,2022.083333,OTHER,1,ACEA
2023M02,monthly,2022.083333,PETROL,70,ACEA
2023M02,monthly,2022.083333,PHEV,182,ACEA
2023M02,monthly,2022.083333,TOTAL,934,ACEA
2023M03,monthly,2022.166667,BEV,935,ACEA
2023M03,monthly,2022.166667,DIESEL,201,ACEA
2023M03,monthly,2022.166667,HEV,317,ACEA
2023M03,monthly,2022.166667,OTHER,0,ACEA
2023M03,monthly,2022.166667,PETROL,208,ACEA
2023M03,monthly,2022.166667,PHEV,169,ACEA
2023M03,monthly,2022.166667,TOTAL,1830,ACEA
2023M04,monthly,2022.25,BEV,475,ACEA
2023M04,monthly,2022.25,DIESEL,268,ACEA
2023M04,monthly,2022.25,HEV,453,ACEA
2023M04,monthly,2022.25,OTHER,0,ACEA
2023M04,monthly,2022.25,PETROL,233,ACEA
2023M04,monthly,2022.25,PHEV,200,ACEA
2023M04,monthly,2022.25,TOTAL,1629,ACEA
2023M05,monthly,2022.333333,BEV,942,ACEA
2023M05,monthly,2022.333333,DIESEL,450,ACEA
2023M05,monthly,2022.333333,HEV,648,ACEA
2023M05,monthly,2022.333333,OTHER,0,ACEA
2023M05,monthly,2022.333333,PETROL,326,ACEA
2023M05,monthly,2022.333333,PHEV,211,ACEA
2023M05,monthly,2022.333333,TOTAL,2577,ACEA
2023M06,monthly,2022.416667,BEV,904,ACEA
2023M06,monthly,2022.416667,DIESEL,641,ACEA
2023M06,monthly,2022.416667,HEV,488,ACEA
2023M06,monthly,2022.416667,OTHER,0,ACEA
2023M06,monthly,2022.416667,PETROL,308,ACEA
2023M06,monthly,2022.416667,PHEV,227,ACEA
2023M06,monthly,2022.416667,TOTAL,2568,ACEA
2023M07,monthly,2022.5,BEV,441,ACEA
2023M07,monthly,2022.5,DIESEL,239,ACEA
2023M07,monthly,2022.5,HEV,282,ACEA
2023M07,monthly,2022.5,OTHER,0,ACEA
2023M07,monthly,2022.5,PETROL,187,ACEA
2023M07,monthly,2022.5,PHEV,119,ACEA
2023M07,monthly,2022.5,TOTAL,1268,ACEA
2023M08,monthly,2022.583333,BEV,700,ACEA
2023M08,monthly,2022.583333,DIESEL,133,ACEA
2023M08,monthly,2022.583333,HEV,130,ACEA
2023M08,monthly,2022.583333,OTHER,0,ACEA
2023M08,monthly,2022.583333,PETROL,81,ACEA
2023M08,monthly,2022.583333,PHEV,121,ACEA
2023M08,monthly,2022.583333,TOTAL,1165,ACEA
2023M09,monthly,2022.666667,BEV,751,ACEA
2023M09,monthly,2022.666667,DIESEL,58,ACEA
2023M09,monthly,2022.666667,HEV,113,ACEA
2023M09,monthly,2022.666667,OTHER,1,ACEA
2023M09,monthly,2022.666667,PETROL,45,ACEA
2023M09,monthly,2022.666667,PHEV,166,ACEA
2023M09,monthly,2022.666667,TOTAL,1134,ACEA
2023M10,monthly,2022.75,BEV,667,ACEA
2023M10,monthly,2022.75,DIESEL,45,ACEA
2023M10,monthly,2022.75,HEV,74,ACEA
2023M10,monthly,2022.75,OTHER,0,ACEA
2023M10,monthly,2022.75,PETROL,81,ACEA
2023M10,monthly,2022.75,PHEV,94,ACEA
2023M10,monthly,2022.75,TOTAL,961,ACEA
2023M11,monthly,2022.833333,BEV,1054,ACEA
2023M11,monthly,2022.833333,DIESEL,45,ACEA
2023M11,monthly,2022.833333,HEV,75,ACEA
2023M11,monthly,2022.833333,OTHER,0,ACEA
2023M11,monthly,2022.833333,PETROL,27,ACEA
2023M11,monthly,2022.833333,PHEV,95,ACEA
2023M11,monthly,2022.833333,TOTAL,1296,ACEA
2023M12,monthly,2022.916667,BEV,1242,ACEA
2023M12,monthly,2022.916667,DIESEL,82,ACEA
2023M12,monthly,2022.916667,HEV,46,ACEA
2023M12,monthly,2022.916667,OTHER,0,ACEA
2023M12,monthly,2022.916667,PETROL,22,ACEA
2023M12,monthly,2022.916667,PHEV,59,ACEA
2023M12,monthly,2022.916667,TOTAL,1451,ACEA
2024M01,monthly,2023,BEV,169,ACEA
2024M01,monthly,2023,DIESEL,84,ACEA
2024M01,monthly,2023,HEV,72,ACEA
2024M01,monthly,2023,OTHER,0,ACEA
2024M01,monthly,2023,PETROL,42,ACEA
2024M01,monthly,2023,PHEV,90,ACEA
2024M01,monthly,2023,TOTAL,457,ACEA
2024M02,monthly,2023.083333,BEV,97,ACEA
2024M02,monthly,2023.083333,DIESEL,83,ACEA
2024M02,monthly,2023.083333,HEV,95,ACEA
2024M02,monthly,2023.083333,OTHER,0,ACEA
2024M02,monthly,2023.083333,PETROL,26,ACEA
2024M02,monthly,2023.083333,PHEV,96,ACEA
2024M02,monthly,2023.083333,TOTAL,397,ACEA
2024M03,monthly,2023.166667,BEV,152,ACEA
2024M03,monthly,2023.166667,DIESEL,140,ACEA
2024M03,monthly,2023.166667,HEV,69,ACEA
2024M03,monthly,2023.166667,OTHER,0,ACEA
2024M03,monthly,2023.166667,PETROL,53,ACEA
2024M03,monthly,2023.166667,PHEV,117,ACEA
2024M03,monthly,2023.166667,TOTAL,531,ACEA
2024M04,monthly,2023.25,BEV,178,ACEA
2024M04,monthly,2023.25,DIESEL,443,ACEA
2024M04,monthly,2023.25,HEV,277,ACEA
2024M04,monthly,2023.25,OTHER,0,ACEA
2024M04,monthly,2023.25,PETROL,265,ACEA
2024M04,monthly,2023.25,PHEV,246,ACEA
2024M04,monthly,2023.25,TOTAL,1409,ACEA
2024M05,monthly,2023.333333,BEV,364,ACEA
2024M05,monthly,2023.333333,DIESEL,155,ACEA
2024M05,monthly,2023.333333,HEV,399,ACEA
2024M05,monthly,2023.333333,OTHER,0,ACEA
2024M05,monthly,2023.333333,PETROL,223,ACEA
2024M05,monthly,2023.333333,PHEV,405,ACEA
2024M05,monthly,2023.333333,TOTAL,1546,ACEA
2024M06,monthly,2023.416667,BEV,213,ACEA
2024M06,monthly,2023.416667,DIESEL,289,ACEA
2024M06,monthly,2023.416667,HEV,384,ACEA
2024M06,monthly,2023.416667,OTHER,0,ACEA
2024M06,monthly,2023.416667,PETROL,437,ACEA
2024M06,monthly,2023.416667,PHEV,275,ACEA
2024M06,monthly,2023.416667,TOTAL,1598,ACEA
2024M07,monthly,2023.5,BEV,250,ACEA
2024M07,monthly,2023.5,DIESEL,138,ACEA
2024M07,monthly,2023.5,HEV,196,ACEA
2024M07,monthly,2023.5,OTHER,0,ACEA
2024M07,monthly,2023.5,PETROL,62,ACEA
2024M07,monthly,2023.5,PHEV,190,ACEA
2024M07,monthly,2023.5,TOTAL,836,ACEA
2024M08,monthly,2023.583333,BEV,192,ACEA
2024M08,monthly,2023.583333,DIESEL,44,ACEA
2024M08,monthly,2023.583333,HEV,98,ACEA
2024M08,monthly,2023.583333,OTHER,0,ACEA
2024M08,monthly,2023.583333,PETROL,37,ACEA
2024M08,monthly,2023.583333,PHEV,92,ACEA
2024M08,monthly,2023.583333,TOTAL,463,ACEA
2024M09,monthly,2023.666667,BEV,299,ACEA
2024M09,monthly,2023.666667,DIESEL,49,ACEA
2024M09,monthly,2023.666667,HEV,93,ACEA
2024M09,monthly,2023.666667,OTHER,1,ACEA
2024M09,monthly,2023.666667,PETROL,22,ACEA
2024M09,monthly,2023.666667,PHEV,96,ACEA
2024M09,monthly,2023.666667,TOTAL,560,ACEA
2024M10,monthly,2023.75,BEV,390,ACEA
2024M10,monthly,2023.75,DIESEL,82,ACEA
2024M10,monthly,2023.75,HEV,84,ACEA
2024M10,monthly,2023.75,OTHER,1,ACEA
2024M10,monthly,2023.75,PETROL,26,ACEA
2024M10,monthly,2023.75,PHEV,99,ACEA
2024M10,monthly,2023.75,TOTAL,682,ACEA
2024M11,monthly,2023.833333,BEV,268,ACEA
2024M11,monthly,2023.833333,DIESEL,95,ACEA
2024M11,monthly,2023.833333,HEV,52,ACEA
2024M11,monthly,2023.833333,OTHER,0,ACEA
2024M11,monthly,2023.833333,PETROL,15,ACEA
2024M11,monthly,2023.833333,PHEV,76,ACEA
2024M11,monthly,2023.833333,TOTAL,506,ACEA
2024M12,monthly,2023.916667,BEV,306,ACEA
2024M12,monthly,2023.916667,DIESEL,411,ACEA
2024M12,monthly,2023.916667,HEV,48,ACEA
2024M12,monthly,2023.916667,OTHER,1,ACEA
2024M12,monthly,2023.916667,PETROL,21,ACEA
2024M12,monthly,2023.916667,PHEV,47,ACEA
2024M12,monthly,2023.916667,TOTAL,834,ACEA
2025M01,monthly,2024,BEV,226,ACEA
2025M01,monthly,2024,DIESEL,68,ACEA
2025M01,monthly,2024,HEV,61,ACEA
2025M01,monthly,2024,OTHER,0,ACEA
2025M01,monthly,2024,PETROL,53,ACEA
2025M01,monthly,2024,PHEV,186,ACEA
2025M01,monthly,2024,TOTAL,594,ACEA
2025M02,monthly,2024.083333,BEV,248,ACEA
2025M02,monthly,2024.083333,DIESEL,61,ACEA
2025M02,monthly,2024.083333,HEV,199,ACEA
2025M02,monthly,2024.083333,OTHER,0,ACEA
2025M02,monthly,2024.083333,PETROL,43,ACEA
2025M02,monthly,2024.083333,PHEV,104,ACEA
2025M02,monthly,2024.083333,TOTAL,655,ACEA
2025M03,monthly,2024.166667,BEV,482,ACEA
2025M03,monthly,2024.166667,DIESEL,61,ACEA
2025M03,monthly,2024.166667,HEV,217,ACEA
2025M03,monthly,2024.166667,OTHER,0,ACEA
2025M03,monthly,2024.166667,PETROL,73,ACEA
2025M03,monthly,2024.166667,PHEV,179,ACEA
2025M03,monthly,2024.166667,TOTAL,1012,ACEA
2025M04,monthly,2024.25,BEV,364,ACEA
2025M04,monthly,2024.25,DIESEL,155,ACEA
2025M04,monthly,2024.25,HEV,399,ACEA
2025M04,monthly,2024.25,OTHER,0,ACEA
2025M04,monthly,2024.25,PETROL,223,ACEA
2025M04,monthly,2024.25,PHEV,405,ACEA
2025M04,monthly,2024.25,TOTAL,1546,ACEA
2025M05,monthly,2024.333333,BEV,418,ACEA
2025M05,monthly,2024.333333,DIESEL,280,ACEA
2025M05,monthly,2024.333333,HEV,727,ACEA
2025M05,monthly,2024.333333,OTHER,0,ACEA
2025M05,monthly,2024.333333,PETROL,396,ACEA
2025M05,monthly,2024.333333,PHEV,492,ACEA
2025M05,monthly,2024.333333,TOTAL,2313,ACEA
2025M06,monthly,2024.416667,BEV,619,ACEA
2025M06,monthly,2024.416667,DIESEL,207,ACEA
2025M06,monthly,2024.416667,HEV,443,ACEA
2025M06,monthly,2024.416667,OTHER,0,ACEA
2025M06,monthly,2024.416667,PETROL,341,ACEA
2025M06,monthly,2024.416667,PHEV,422,ACEA
2025M06,monthly,2024.416667,TOTAL,2032,ACEA
2025M07,monthly,2024.5,BEV,542,ACEA
2025M07,monthly,2024.5,DIESEL,141,ACEA
2025M07,monthly,2024.5,HEV,317,ACEA
2025M07,monthly,2024.5,OTHER,0,ACEA
2025M07,monthly,2024.5,PETROL,63,ACEA
2025M07,monthly,2024.5,PHEV,267,ACEA
2025M07,monthly,2024.5,TOTAL,1330,ACEA
2025M08,monthly,2024.583333,BEV,305,ACEA
2025M08,monthly,2024.583333,DIESEL,48,ACEA
2025M08,monthly,2024.583333,HEV,89,ACEA
2025M08,monthly,2024.583333,OTHER,0,ACEA
2025M08,monthly,2024.583333,PETROL,26,ACEA
2025M08,monthly,2024.583333,PHEV,136,ACEA
2025M08,monthly,2024.583333,TOTAL,604,ACEA
2025M09,monthly,2024.666667,BEV,625,ACEA
2025M09,monthly,2024.666667,DIESEL,43,ACEA
2025M09,monthly,2024.666667,HEV,73,ACEA
2025M09,monthly,2024.666667,OTHER,0,ACEA
2025M09,monthly,2024.666667,PETROL,24,ACEA
2025M09,monthly,2024.666667,PHEV,103,ACEA
2025M09,monthly,2024.666667,TOTAL,868,ACEA
2025M10,monthly,2024.75,BEV,369,ACEA
2025M10,monthly,2024.75,DIESEL,82,ACEA
2025M10,monthly,2024.75,HEV,108,ACEA
2025M10,monthly,2024.75,OTHER,0,ACEA
2025M10,monthly,2024.75,PETROL,14,ACEA
2025M10,monthly,2024.75,PHEV,184,ACEA
2025M10,monthly,2024.75,TOTAL,757,ACEA
2025M11,monthly,2024.833333,BEV,880,ACEA
2025M11,monthly,2024.833333,DIESEL,47,ACEA
2025M11,monthly,2024.833333,HEV,297,ACEA
2025M11,monthly,2024.833333,OTHER,0,ACEA
2025M11,monthly,2024.833333,PETROL,12,ACEA
2025M11,monthly,2024.833333,PHEV,169,ACEA
2025M11,monthly,2024.833333,TOTAL,1405,ACEA
2025M12,monthly,2024.916667,BEV,988,ACEA
2025M12,monthly,2024.916667,DIESEL,70,ACEA
2025M12,monthly,2024.916667,HEV,281,ACEA
2025M12,monthly,2024.916667,OTHER,0,ACEA
2025M12,monthly,2024.916667,PETROL,22,ACEA
2025M12,monthly,2024.916667,PHEV,344,ACEA
2025M12,monthly,2024.916667,TOTAL,1705,ACEA
2026M01,monthly,2025,BEV,181,ACEA
2026M01,monthly,2025,DIESEL,94,ACEA
2026M01,monthly,2025,HEV,412,ACEA
2026M01,monthly,2025,OTHER,0,ACEA
2026M01,monthly,2025,PETROL,68,ACEA
2026M01,monthly,2025,PHEV,630,ACEA
2026M01,monthly,2025,TOTAL,1385,ACEA
2026M02,monthly,2025.083333,BEV,323,ACEA
2026M02,monthly,2025.083333,DIESEL,5,ACEA
2026M02,monthly,2025.083333,HEV,284,ACEA
2026M02,monthly,2025.083333,OTHER,0,ACEA
2026M02,monthly,2025.083333,PETROL,36,ACEA
2026M02,monthly,2025.083333,PHEV,167,ACEA
2026M02,monthly,2025.083333,TOTAL,815,ACEA
2026M03,monthly,2025.166667,BEV,618,ACEA
2026M03,monthly,2025.166667,DIESEL,46,ACEA
2026M03,monthly,2025.166667,HEV,317,ACEA
2026M03,monthly,2025.166667,OTHER,0,ACEA
2026M03,monthly,2025.166667,PETROL,30,ACEA
2026M03,monthly,2025.166667,PHEV,272,ACEA
2026M03,monthly,2025.166667,TOTAL,1283,ACEA
2026M04,monthly,2025.25,BEV,396,ACEA
2026M04,monthly,2025.25,DIESEL,130,ACEA
2026M04,monthly,2025.25,HEV,214,ACEA
2026M04,monthly,2025.25,OTHER,0,ACEA
2026M04,monthly,2025.25,PETROL,54,ACEA
2026M04,monthly,2025.25,PHEV,150,ACEA
2026M04,monthly,2025.25,TOTAL,944,ACEA
