period,interval,year,category,registrations,source
2010M01,monthly,2009,BEV,0,robbieandrew.github.io / gaikindo.io
2010M01,monthly,2009,DIESEL,2922,robbieandrew.github.io / gaikindo.io
2010M01,monthly,2009,HEV,0,robbieandrew.github.io / gaikindo.io
2010M01,monthly,2009,OTHER,0,robbieandrew.github.io / gaikindo.io
2010M01,monthly,2009,PETROL,35644,robbieandrew.github.io / gaikindo.io
2010M01,monthly,2009,PHEV,0,robbieandrew.github.io / gaikindo.io
2010M01,monthly,2009,TOTAL,38566,robbieandrew.github.io / gaikindo.io
2010M02,monthly,2009.083333,BEV,0,robbieandrew.github.io / gaikindo.io
2010M02,monthly,2009.083333,DIESEL,2714,robbieandrew.github.io / gaikindo.io
2010M02,monthly,2009.083333,HEV,0,robbieandrew.github.io / gaikindo.io
2010M02,monthly,2009.083333,OTHER,0,robbieandrew.github.io / gaikindo.io
2010M02,monthly,2009.083333,PETROL,36591,robbieandrew.github.io / gaikindo.io
2010M02,monthly,2009.083333,PHEV,0,robbieandrew.github.io / gaikindo.io
2010M02,monthly,2009.083333,TOTAL,39305,robbieandrew.github.io / gaikindo.io
2010M03,monthly,2009.166667,BEV,0,robbieandrew.github.io / gaikindo.io
2010M03,monthly,2009.166667,DIESEL,2866,robbieandrew.github.io / gaikindo.io
2010M03,monthly,2009.166667,HEV,0,robbieandrew.github.io / gaikindo.io
2010M03,monthly,2009.166667,OTHER,0,robbieandrew.github.io / gaikindo.io
2010M03,monthly,2009.166667,PETROL,43436,robbieandrew.github.io / gaikindo.io
2010M03,monthly,2009.166667,PHEV,0,robbieandrew.github.io / gaikindo.io
2010M03,monthly,2009.166667,TOTAL,46302,robbieandrew.github.io / gaikindo.io
2010M04,monthly,2009.25,BEV,0,robbieandrew.github.io / gaikindo.io
2010M04,monthly,2009.25,DIESEL,2823,robbieandrew.github.io / gaikindo.io
2010M04,monthly,2009.25,HEV,0,robbieandrew.github.io / gaikindo.io
2010M04,monthly,2009.25,OTHER,0,robbieandrew.github.io / gaikindo.io
2010M04,monthly,2009.25,PETROL,42684,robbieandrew.github.io / gaikindo.io
2010M04,monthly,2009.25,PHEV,0,robbieandrew.github.io / gaikindo.io
2010M04,monthly,2009.25,TOTAL,45507,robbieandrew.github.io / gaikindo.io
2010M05,monthly,2009.333333,BEV,0,robbieandrew.github.io / gaikindo.io
2010M05,monthly,2009.333333,DIESEL,2570,robbieandrew.github.io / gaikindo.io
2010M05,monthly,2009.333333,HEV,0,robbieandrew.github.io / gaikindo.io
2010M05,monthly,2009.333333,OTHER,0,robbieandrew.github.io / gaikindo.io
2010M05,monthly,2009.333333,PETROL,38710,robbieandrew.github.io / gaikindo.io
2010M05,monthly,2009.333333,PHEV,0,robbieandrew.github.io / gaikindo.io
2010M05,monthly,2009.333333,TOTAL,41280,robbieandrew.github.io / gaikindo.io
2010M06,monthly,2009.416667,BEV,0,robbieandrew.github.io / gaikindo.io
2010M06,monthly,2009.416667,DIESEL,2539,robbieandrew.github.io / gaikindo.io
2010M06,monthly,2009.416667,HEV,0,robbieandrew.github.io / gaikindo.io
2010M06,monthly,2009.416667,OTHER,0,robbieandrew.github.io / gaikindo.io
2010M06,monthly,2009.416667,PETROL,47497,robbieandrew.github.io / gaikindo.io
2010M06,monthly,2009.416667,PHEV,0,robbieandrew.github.io / gaikindo.io
2010M06,monthly,2009.416667,TOTAL,50036,robbieandrew.github.io / gaikindo.io
2010M07,monthly,2009.5,BEV,0,robbieandrew.github.io / gaikindo.io
2010M07,monthly,2009.5,DIESEL,2942,robbieandrew.github.io / gaikindo.io
2010M07,monthly,2009.5,HEV,0,robbieandrew.github.io / gaikindo.io
2010M07,monthly,2009.5,OTHER,0,robbieandrew.github.io / gaikindo.io
2010M07,monthly,2009.5,PETROL,48667,robbieandrew.github.io / gaikindo.io
2010M07,monthly,2009.5,PHEV,0,robbieandrew.github.io / gaikindo.io
2010M07,monthly,2009.5,TOTAL,51609,robbieandrew.github.io / gaikindo.io
2010M08,monthly,2009.583333,BEV,0,robbieandrew.github.io / gaikindo.io
2010M08,monthly,2009.583333,DIESEL,2997,robbieandrew.github.io / gaikindo.io
2010M08,monthly,2009.583333,HEV,0,robbieandrew.github.io / gaikindo.io
2010M08,monthly,2009.583333,OTHER,0,robbieandrew.github.io / gaikindo.io
2010M08,monthly,2009.583333,PETROL,43065,robbieandrew.github.io / gaikindo.io
2010M08,monthly,2009.583333,PHEV,0,robbieandrew.github.io / gaikindo.io
2010M08,monthly,2009.583333,TOTAL,46062,robbieandrew.github.io / gaikindo.io
2010M09,monthly,2009.666667,BEV,0,robbieandrew.github.io / gaikindo.io
2010M09,monthly,2009.666667,DIESEL,2166,robbieandrew.github.io / gaikindo.io
2010M09,monthly,2009.666667,HEV,0,robbieandrew.github.io / gaikindo.io
2010M09,monthly,2009.666667,OTHER,0,robbieandrew.github.io / gaikindo.io
2010M09,monthly,2009.666667,PETROL,32623,robbieandrew.github.io / gaikindo.io
2010M09,monthly,2009.666667,PHEV,0,robbieandrew.github.io / gaikindo.io
2010M09,monthly,2009.666667,TOTAL,34789,robbieandrew.github.io / gaikindo.io
2010M10,monthly,2009.75,BEV,0,robbieandrew.github.io / gaikindo.io
2010M10,monthly,2009.75,DIESEL,2844,robbieandrew.github.io / gaikindo.io
2010M10,monthly,2009.75,HEV,0,robbieandrew.github.io / gaikindo.io
2010M10,monthly,2009.75,OTHER,0,robbieandrew.github.io / gaikindo.io
2010M10,monthly,2009.75,PETROL,46757,robbieandrew.github.io / gaikindo.io
2010M10,monthly,2009.75,PHEV,0,robbieandrew.github.io / gaikindo.io
2010M10,monthly,2009.75,TOTAL,49601,robbieandrew.github.io / gaikindo.io
2010M11,monthly,2009.833333,BEV,0,robbieandrew.github.io / gaikindo.io
2010M11,monthly,2009.833333,DIESEL,2705,robbieandrew.github.io / gaikindo.io
2010M11,monthly,2009.833333,HEV,0,robbieandrew.github.io / gaikindo.io
2010M11,monthly,2009.833333,OTHER,0,robbieandrew.github.io / gaikindo.io
2010M11,monthly,2009.833333,PETROL,46066,robbieandrew.github.io / gaikindo.io
2010M11,monthly,2009.833333,PHEV,0,robbieandrew.github.io / gaikindo.io
2010M11,monthly,2009.833333,TOTAL,48771,robbieandrew.github.io / gaikindo.io
2010M12,monthly,2009.916667,BEV,0,robbieandrew.github.io / gaikindo.io
2010M12,monthly,2009.916667,DIESEL,2821,robbieandrew.github.io / gaikindo.io
2010M12,monthly,2009.916667,HEV,0,robbieandrew.github.io / gaikindo.io
2010M12,monthly,2009.916667,OTHER,0,robbieandrew.github.io / gaikindo.io
2010M12,monthly,2009.916667,PETROL,46826,robbieandrew.github.io / gaikindo.io
2010M12,monthly,2009.916667,PHEV,0,robbieandrew.github.io / gaikindo.io
2010M12,monthly,2009.916667,TOTAL,49647,robbieandrew.github.io / gaikindo.io
2011M01,monthly,2010,BEV,2,robbieandrew.github.io / gaikindo.io
2011M01,monthly,2010,DIESEL,2752,robbieandrew.github.io / gaikindo.io
2011M01,monthly,2010,HEV,0,robbieandrew.github.io / gaikindo.io
2011M01,monthly,2010,OTHER,0,robbieandrew.github.io / gaikindo.io
2011M01,monthly,2010,PETROL,49883,robbieandrew.github.io / gaikindo.io
2011M01,monthly,2010,PHEV,0,robbieandrew.github.io / gaikindo.io
2011M01,monthly,2010,TOTAL,52637,robbieandrew.github.io / gaikindo.io
2011M02,monthly,2010.083333,BEV,0,robbieandrew.github.io / gaikindo.io
2011M02,monthly,2010.083333,DIESEL,2698,robbieandrew.github.io / gaikindo.io
2011M02,monthly,2010.083333,HEV,0,robbieandrew.github.io / gaikindo.io
2011M02,monthly,2010.083333,OTHER,0,robbieandrew.github.io / gaikindo.io
2011M02,monthly,2010.083333,PETROL,45415,robbieandrew.github.io / gaikindo.io
2011M02,monthly,2010.083333,PHEV,0,robbieandrew.github.io / gaikindo.io
2011M02,monthly,2010.083333,TOTAL,48113,robbieandrew.github.io / gaikindo.io
2011M03,monthly,2010.166667,BEV,0,robbieandrew.github.io / gaikindo.io
2011M03,monthly,2010.166667,DIESEL,3183,robbieandrew.github.io / gaikindo.io
2011M03,monthly,2010.166667,HEV,0,robbieandrew.github.io / gaikindo.io
2011M03,monthly,2010.166667,OTHER,0,robbieandrew.github.io / gaikindo.io
2011M03,monthly,2010.166667,PETROL,52244,robbieandrew.github.io / gaikindo.io
2011M03,monthly,2010.166667,PHEV,0,robbieandrew.github.io / gaikindo.io
2011M03,monthly,2010.166667,TOTAL,55427,robbieandrew.github.io / gaikindo.io
2011M04,monthly,2010.25,BEV,0,robbieandrew.github.io / gaikindo.io
2011M04,monthly,2010.25,DIESEL,2842,robbieandrew.github.io / gaikindo.io
2011M04,monthly,2010.25,HEV,0,robbieandrew.github.io / gaikindo.io
2011M04,monthly,2010.25,OTHER,0,robbieandrew.github.io / gaikindo.io
2011M04,monthly,2010.25,PETROL,36661,robbieandrew.github.io / gaikindo.io
2011M04,monthly,2010.25,PHEV,0,robbieandrew.github.io / gaikindo.io
2011M04,monthly,2010.25,TOTAL,39503,robbieandrew.github.io / gaikindo.io
2011M05,monthly,2010.333333,BEV,0,robbieandrew.github.io / gaikindo.io
2011M05,monthly,2010.333333,DIESEL,2447,robbieandrew.github.io / gaikindo.io
2011M05,monthly,2010.333333,HEV,0,robbieandrew.github.io / gaikindo.io
2011M05,monthly,2010.333333,OTHER,0,robbieandrew.github.io / gaikindo.io
2011M05,monthly,2010.333333,PETROL,37336,robbieandrew.github.io / gaikindo.io
2011M05,monthly,2010.333333,PHEV,0,robbieandrew.github.io / gaikindo.io
2011M05,monthly,2010.333333,TOTAL,39783,robbieandrew.github.io / gaikindo.io
2011M06,monthly,2010.416667,BEV,0,robbieandrew.github.io / gaikindo.io
2011M06,monthly,2010.416667,DIESEL,3350,robbieandrew.github.io / gaikindo.io
2011M06,monthly,2010.416667,HEV,0,robbieandrew.github.io / gaikindo.io
2011M06,monthly,2010.416667,OTHER,0,robbieandrew.github.io / gaikindo.io
2011M06,monthly,2010.416667,PETROL,44752,robbieandrew.github.io / gaikindo.io
2011M06,monthly,2010.416667,PHEV,0,robbieandrew.github.io / gaikindo.io
2011M06,monthly,2010.416667,TOTAL,48102,robbieandrew.github.io / gaikindo.io
2011M07,monthly,2010.5,BEV,0,robbieandrew.github.io / gaikindo.io
2011M07,monthly,2010.5,DIESEL,3896,robbieandrew.github.io / gaikindo.io
2011M07,monthly,2010.5,HEV,0,robbieandrew.github.io / gaikindo.io
2011M07,monthly,2010.5,OTHER,0,robbieandrew.github.io / gaikindo.io
2011M07,monthly,2010.5,PETROL,55741,robbieandrew.github.io / gaikindo.io
2011M07,monthly,2010.5,PHEV,0,robbieandrew.github.io / gaikindo.io
2011M07,monthly,2010.5,TOTAL,59637,robbieandrew.github.io / gaikindo.io
2011M08,monthly,2010.583333,BEV,0,robbieandrew.github.io / gaikindo.io
2011M08,monthly,2010.583333,DIESEL,3206,robbieandrew.github.io / gaikindo.io
2011M08,monthly,2010.583333,HEV,0,robbieandrew.github.io / gaikindo.io
2011M08,monthly,2010.583333,OTHER,0,robbieandrew.github.io / gaikindo.io
2011M08,monthly,2010.583333,PETROL,47591,robbieandrew.github.io / gaikindo.io
2011M08,monthly,2010.583333,PHEV,0,robbieandrew.github.io / gaikindo.io
2011M08,monthly,2010.583333,TOTAL,50797,robbieandrew.github.io / gaikindo.io
2011M09,monthly,2010.666667,BEV,0,robbieandrew.github.io / gaikindo.io
2011M09,monthly,2010.666667,DIESEL,2527,robbieandrew.github.io / gaikindo.io
2011M09,monthly,2010.666667,HEV,0,robbieandrew.github.io / gaikindo.io
2011M09,monthly,2010.666667,OTHER,0,robbieandrew.github.io / gaikindo.io
2011M09,monthly,2010.666667,PETROL,53504,robbieandrew.github.io / gaikindo.io
2011M09,monthly,2010.666667,PHEV,0,robbieandrew.github.io / gaikindo.io
2011M09,monthly,2010.666667,TOTAL,56031,robbieandrew.github.io / gaikindo.io
2011M10,monthly,2010.75,BEV,0,robbieandrew.github.io / gaikindo.io
2011M10,monthly,2010.75,DIESEL,2536,robbieandrew.github.io / gaikindo.io
2011M10,monthly,2010.75,HEV,0,robbieandrew.github.io / gaikindo.io
2011M10,monthly,2010.75,OTHER,0,robbieandrew.github.io / gaikindo.io
2011M10,monthly,2010.75,PETROL,55920,robbieandrew.github.io / gaikindo.io
2011M10,monthly,2010.75,PHEV,0,robbieandrew.github.io / gaikindo.io
2011M10,monthly,2010.75,TOTAL,58456,robbieandrew.github.io / gaikindo.io
2011M11,monthly,2010.833333,BEV,0,robbieandrew.github.io / gaikindo.io
2011M11,monthly,2010.833333,DIESEL,2786,robbieandrew.github.io / gaikindo.io
2011M11,monthly,2010.833333,HEV,0,robbieandrew.github.io / gaikindo.io
2011M11,monthly,2010.833333,OTHER,0,robbieandrew.github.io / gaikindo.io
2011M11,monthly,2010.833333,PETROL,38580,robbieandrew.github.io / gaikindo.io
2011M11,monthly,2010.833333,PHEV,0,robbieandrew.github.io / gaikindo.io
2011M11,monthly,2010.833333,TOTAL,41366,robbieandrew.github.io / gaikindo.io
2011M12,monthly,2010.916667,BEV,0,robbieandrew.github.io / gaikindo.io
2011M12,monthly,2010.916667,DIESEL,2410,robbieandrew.github.io / gaikindo.io
2011M12,monthly,2010.916667,HEV,0,robbieandrew.github.io / gaikindo.io
2011M12,monthly,2010.916667,OTHER,0,robbieandrew.github.io / gaikindo.io
2011M12,monthly,2010.916667,PETROL,49736,robbieandrew.github.io / gaikindo.io
2011M12,monthly,2010.916667,PHEV,0,robbieandrew.github.io / gaikindo.io
2011M12,monthly,2010.916667,TOTAL,52146,robbieandrew.github.io / gaikindo.io
2012M01,monthly,2011,BEV,0,robbieandrew.github.io / gaikindo.io
2012M01,monthly,2011,DIESEL,4557,robbieandrew.github.io / gaikindo.io
2012M01,monthly,2011,HEV,0,robbieandrew.github.io / gaikindo.io
2012M01,monthly,2011,OTHER,0,robbieandrew.github.io / gaikindo.io
2012M01,monthly,2011,PETROL,46539,robbieandrew.github.io / gaikindo.io
2012M01,monthly,2011,PHEV,0,robbieandrew.github.io / gaikindo.io
2012M01,monthly,2011,TOTAL,51096,robbieandrew.github.io / gaikindo.io
2012M02,monthly,2011.083333,BEV,0,robbieandrew.github.io / gaikindo.io
2012M02,monthly,2011.083333,DIESEL,4910,robbieandrew.github.io / gaikindo.io
2012M02,monthly,2011.083333,HEV,0,robbieandrew.github.io / gaikindo.io
2012M02,monthly,2011.083333,OTHER,0,robbieandrew.github.io / gaikindo.io
2012M02,monthly,2011.083333,PETROL,54509,robbieandrew.github.io / gaikindo.io
2012M02,monthly,2011.083333,PHEV,0,robbieandrew.github.io / gaikindo.io
2012M02,monthly,2011.083333,TOTAL,59419,robbieandrew.github.io / gaikindo.io
2012M03,monthly,2011.166667,BEV,0,robbieandrew.github.io / gaikindo.io
2012M03,monthly,2011.166667,DIESEL,5237,robbieandrew.github.io / gaikindo.io
2012M03,monthly,2011.166667,HEV,0,robbieandrew.github.io / gaikindo.io
2012M03,monthly,2011.166667,OTHER,0,robbieandrew.github.io / gaikindo.io
2012M03,monthly,2011.166667,PETROL,56094,robbieandrew.github.io / gaikindo.io
2012M03,monthly,2011.166667,PHEV,0,robbieandrew.github.io / gaikindo.io
2012M03,monthly,2011.166667,TOTAL,61331,robbieandrew.github.io / gaikindo.io
2012M04,monthly,2011.25,BEV,0,robbieandrew.github.io / gaikindo.io
2012M04,monthly,2011.25,DIESEL,5291,robbieandrew.github.io / gaikindo.io
2012M04,monthly,2011.25,HEV,0,robbieandrew.github.io / gaikindo.io
2012M04,monthly,2011.25,OTHER,0,robbieandrew.github.io / gaikindo.io
2012M04,monthly,2011.25,PETROL,55458,robbieandrew.github.io / gaikindo.io
2012M04,monthly,2011.25,PHEV,0,robbieandrew.github.io / gaikindo.io
2012M04,monthly,2011.25,TOTAL,60749,robbieandrew.github.io / gaikindo.io
2012M05,monthly,2011.333333,BEV,0,robbieandrew.github.io / gaikindo.io
2012M05,monthly,2011.333333,DIESEL,6414,robbieandrew.github.io / gaikindo.io
2012M05,monthly,2011.333333,HEV,0,robbieandrew.github.io / gaikindo.io
2012M05,monthly,2011.333333,OTHER,0,robbieandrew.github.io / gaikindo.io
2012M05,monthly,2011.333333,PETROL,60465,robbieandrew.github.io / gaikindo.io
2012M05,monthly,2011.333333,PHEV,0,robbieandrew.github.io / gaikindo.io
2012M05,monthly,2011.333333,TOTAL,66879,robbieandrew.github.io / gaikindo.io
2012M06,monthly,2011.416667,BEV,0,robbieandrew.github.io / gaikindo.io
2012M06,monthly,2011.416667,DIESEL,6994,robbieandrew.github.io / gaikindo.io
2012M06,monthly,2011.416667,HEV,0,robbieandrew.github.io / gaikindo.io
2012M06,monthly,2011.416667,OTHER,0,robbieandrew.github.io / gaikindo.io
2012M06,monthly,2011.416667,PETROL,65640,robbieandrew.github.io / gaikindo.io
2012M06,monthly,2011.416667,PHEV,0,robbieandrew.github.io / gaikindo.io
2012M06,monthly,2011.416667,TOTAL,72634,robbieandrew.github.io / gaikindo.io
2012M07,monthly,2011.5,BEV,0,robbieandrew.github.io / gaikindo.io
2012M07,monthly,2011.5,DIESEL,6661,robbieandrew.github.io / gaikindo.io
2012M07,monthly,2011.5,HEV,0,robbieandrew.github.io / gaikindo.io
2012M07,monthly,2011.5,OTHER,0,robbieandrew.github.io / gaikindo.io
2012M07,monthly,2011.5,PETROL,65907,robbieandrew.github.io / gaikindo.io
2012M07,monthly,2011.5,PHEV,0,robbieandrew.github.io / gaikindo.io
2012M07,monthly,2011.5,TOTAL,72568,robbieandrew.github.io / gaikindo.io
2012M08,monthly,2011.583333,BEV,0,robbieandrew.github.io / gaikindo.io
2012M08,monthly,2011.583333,DIESEL,4042,robbieandrew.github.io / gaikindo.io
2012M08,monthly,2011.583333,HEV,0,robbieandrew.github.io / gaikindo.io
2012M08,monthly,2011.583333,OTHER,0,robbieandrew.github.io / gaikindo.io
2012M08,monthly,2011.583333,PETROL,50546,robbieandrew.github.io / gaikindo.io
2012M08,monthly,2011.583333,PHEV,0,robbieandrew.github.io / gaikindo.io
2012M08,monthly,2011.583333,TOTAL,54588,robbieandrew.github.io / gaikindo.io
2012M09,monthly,2011.666667,BEV,0,robbieandrew.github.io / gaikindo.io
2012M09,monthly,2011.666667,DIESEL,6861,robbieandrew.github.io / gaikindo.io
2012M09,monthly,2011.666667,HEV,0,robbieandrew.github.io / gaikindo.io
2012M09,monthly,2011.666667,OTHER,0,robbieandrew.github.io / gaikindo.io
2012M09,monthly,2011.666667,PETROL,65518,robbieandrew.github.io / gaikindo.io
2012M09,monthly,2011.666667,PHEV,0,robbieandrew.github.io / gaikindo.io
2012M09,monthly,2011.666667,TOTAL,72379,robbieandrew.github.io / gaikindo.io
2012M10,monthly,2011.75,BEV,0,robbieandrew.github.io / gaikindo.io
2012M10,monthly,2011.75,DIESEL,6477,robbieandrew.github.io / gaikindo.io
2012M10,monthly,2011.75,HEV,0,robbieandrew.github.io / gaikindo.io
2012M10,monthly,2011.75,OTHER,0,robbieandrew.github.io / gaikindo.io
2012M10,monthly,2011.75,PETROL,68054,robbieandrew.github.io / gaikindo.io
2012M10,monthly,2011.75,PHEV,0,robbieandrew.github.io / gaikindo.io
2012M10,monthly,2011.75,TOTAL,74531,robbieandrew.github.io / gaikindo.io
2012M11,monthly,2011.833333,BEV,0,robbieandrew.github.io / gaikindo.io
2012M11,monthly,2011.833333,DIESEL,5622,robbieandrew.github.io / gaikindo.io
2012M11,monthly,2011.833333,HEV,0,robbieandrew.github.io / gaikindo.io
2012M11,monthly,2011.833333,OTHER,0,robbieandrew.github.io / gaikindo.io
2012M11,monthly,2011.833333,PETROL,66267,robbieandrew.github.io / gaikindo.io
2012M11,monthly,2011.833333,PHEV,0,robbieandrew.github.io / gaikindo.io
2012M11,monthly,2011.833333,TOTAL,71889,robbieandrew.github.io / gaikindo.io
2012M12,monthly,2011.916667,BEV,0,robbieandrew.github.io / gaikindo.io
2012M12,monthly,2011.916667,DIESEL,3965,robbieandrew.github.io / gaikindo.io
2012M12,monthly,2011.916667,HEV,0,robbieandrew.github.io / gaikindo.io
2012M12,monthly,2011.916667,OTHER,0,robbieandrew.github.io / gaikindo.io
2012M12,monthly,2011.916667,PETROL,58757,robbieandrew.github.io / gaikindo.io
2012M12,monthly,2011.916667,PHEV,0,robbieandrew.github.io / gaikindo.io
2012M12,monthly,2011.916667,TOTAL,62722,robbieandrew.github.io / gaikindo.io
2013M01,monthly,2012,BEV,0,robbieandrew.github.io / gaikindo.io
2013M01,monthly,2012,DIESEL,5644,robbieandrew.github.io / gaikindo.io
2013M01,monthly,2012,HEV,0,robbieandrew.github.io / gaikindo.io
2013M01,monthly,2012,OTHER,0,robbieandrew.github.io / gaikindo.io
2013M01,monthly,2012,PETROL,61038,robbieandrew.github.io / gaikindo.io
2013M01,monthly,2012,PHEV,0,robbieandrew.github.io / gaikindo.io
2013M01,monthly,2012,TOTAL,66682,robbieandrew.github.io / gaikindo.io
2013M02,monthly,2012.083333,BEV,0,robbieandrew.github.io / gaikindo.io
2013M02,monthly,2012.083333,DIESEL,5174,robbieandrew.github.io / gaikindo.io
2013M02,monthly,2012.083333,HEV,0,robbieandrew.github.io / gaikindo.io
2013M02,monthly,2012.083333,OTHER,0,robbieandrew.github.io / gaikindo.io
2013M02,monthly,2012.083333,PETROL,67652,robbieandrew.github.io / gaikindo.io
2013M02,monthly,2012.083333,PHEV,0,robbieandrew.github.io / gaikindo.io
2013M02,monthly,2012.083333,TOTAL,72826,robbieandrew.github.io / gaikindo.io
2013M03,monthly,2012.166667,BEV,0,robbieandrew.github.io / gaikindo.io
2013M03,monthly,2012.166667,DIESEL,4521,robbieandrew.github.io / gaikindo.io
2013M03,monthly,2012.166667,HEV,0,robbieandrew.github.io / gaikindo.io
2013M03,monthly,2012.166667,OTHER,0,robbieandrew.github.io / gaikindo.io
2013M03,monthly,2012.166667,PETROL,64775,robbieandrew.github.io / gaikindo.io
2013M03,monthly,2012.166667,PHEV,0,robbieandrew.github.io / gaikindo.io
2013M03,monthly,2012.166667,TOTAL,69296,robbieandrew.github.io / gaikindo.io
2013M04,monthly,2012.25,BEV,1,robbieandrew.github.io / gaikindo.io
2013M04,monthly,2012.25,DIESEL,4340,robbieandrew.github.io / gaikindo.io
2013M04,monthly,2012.25,HEV,0,robbieandrew.github.io / gaikindo.io
2013M04,monthly,2012.25,OTHER,0,robbieandrew.github.io / gaikindo.io
2013M04,monthly,2012.25,PETROL,69150,robbieandrew.github.io / gaikindo.io
2013M04,monthly,2012.25,PHEV,0,robbieandrew.github.io / gaikindo.io
2013M04,monthly,2012.25,TOTAL,73491,robbieandrew.github.io / gaikindo.io
2013M05,monthly,2012.333333,BEV,0,robbieandrew.github.io / gaikindo.io
2013M05,monthly,2012.333333,DIESEL,4029,robbieandrew.github.io / gaikindo.io
2013M05,monthly,2012.333333,HEV,0,robbieandrew.github.io / gaikindo.io
2013M05,monthly,2012.333333,OTHER,0,robbieandrew.github.io / gaikindo.io
2013M05,monthly,2012.333333,PETROL,68856,robbieandrew.github.io / gaikindo.io
2013M05,monthly,2012.333333,PHEV,0,robbieandrew.github.io / gaikindo.io
2013M05,monthly,2012.333333,TOTAL,72885,robbieandrew.github.io / gaikindo.io
2013M06,monthly,2012.416667,BEV,0,robbieandrew.github.io / gaikindo.io
2013M06,monthly,2012.416667,DIESEL,5465,robbieandrew.github.io / gaikindo.io
2013M06,monthly,2012.416667,HEV,0,robbieandrew.github.io / gaikindo.io
2013M06,monthly,2012.416667,OTHER,0,robbieandrew.github.io / gaikindo.io
2013M06,monthly,2012.416667,PETROL,68668,robbieandrew.github.io / gaikindo.io
2013M06,monthly,2012.416667,PHEV,0,robbieandrew.github.io / gaikindo.io
2013M06,monthly,2012.416667,TOTAL,74133,robbieandrew.github.io / gaikindo.io
2013M07,monthly,2012.5,BEV,0,robbieandrew.github.io / gaikindo.io
2013M07,monthly,2012.5,DIESEL,6299,robbieandrew.github.io / gaikindo.io
2013M07,monthly,2012.5,HEV,0,robbieandrew.github.io / gaikindo.io
2013M07,monthly,2012.5,OTHER,0,robbieandrew.github.io / gaikindo.io
2013M07,monthly,2012.5,PETROL,75921,robbieandrew.github.io / gaikindo.io
2013M07,monthly,2012.5,PHEV,0,robbieandrew.github.io / gaikindo.io
2013M07,monthly,2012.5,TOTAL,82220,robbieandrew.github.io / gaikindo.io
2013M08,monthly,2012.583333,BEV,0,robbieandrew.github.io / gaikindo.io
2013M08,monthly,2012.583333,DIESEL,2697,robbieandrew.github.io / gaikindo.io
2013M08,monthly,2012.583333,HEV,0,robbieandrew.github.io / gaikindo.io
2013M08,monthly,2012.583333,OTHER,0,robbieandrew.github.io / gaikindo.io
2013M08,monthly,2012.583333,PETROL,52401,robbieandrew.github.io / gaikindo.io
2013M08,monthly,2012.583333,PHEV,0,robbieandrew.github.io / gaikindo.io
2013M08,monthly,2012.583333,TOTAL,55098,robbieandrew.github.io / gaikindo.io
2013M09,monthly,2012.666667,BEV,0,robbieandrew.github.io / gaikindo.io
2013M09,monthly,2012.666667,DIESEL,4495,robbieandrew.github.io / gaikindo.io
2013M09,monthly,2012.666667,HEV,0,robbieandrew.github.io / gaikindo.io
2013M09,monthly,2012.666667,OTHER,0,robbieandrew.github.io / gaikindo.io
2013M09,monthly,2012.666667,PETROL,78737,robbieandrew.github.io / gaikindo.io
2013M09,monthly,2012.666667,PHEV,0,robbieandrew.github.io / gaikindo.io
2013M09,monthly,2012.666667,TOTAL,83232,robbieandrew.github.io / gaikindo.io
2013M10,monthly,2012.75,BEV,0,robbieandrew.github.io / gaikindo.io
2013M10,monthly,2012.75,DIESEL,5847,robbieandrew.github.io / gaikindo.io
2013M10,monthly,2012.75,HEV,0,robbieandrew.github.io / gaikindo.io
2013M10,monthly,2012.75,OTHER,0,robbieandrew.github.io / gaikindo.io
2013M10,monthly,2012.75,PETROL,73780,robbieandrew.github.io / gaikindo.io
2013M10,monthly,2012.75,PHEV,0,robbieandrew.github.io / gaikindo.io
2013M10,monthly,2012.75,TOTAL,79627,robbieandrew.github.io / gaikindo.io
2013M11,monthly,2012.833333,BEV,0,robbieandrew.github.io / gaikindo.io
2013M11,monthly,2012.833333,DIESEL,5301,robbieandrew.github.io / gaikindo.io
2013M11,monthly,2012.833333,HEV,0,robbieandrew.github.io / gaikindo.io
2013M11,monthly,2012.833333,OTHER,0,robbieandrew.github.io / gaikindo.io
2013M11,monthly,2012.833333,PETROL,75473,robbieandrew.github.io / gaikindo.io
2013M11,monthly,2012.833333,PHEV,0,robbieandrew.github.io / gaikindo.io
2013M11,monthly,2012.833333,TOTAL,80774,robbieandrew.github.io / gaikindo.io
2013M12,monthly,2012.916667,BEV,0,robbieandrew.github.io / gaikindo.io
2013M12,monthly,2012.916667,DIESEL,4596,robbieandrew.github.io / gaikindo.io
2013M12,monthly,2012.916667,HEV,0,robbieandrew.github.io / gaikindo.io
2013M12,monthly,2012.916667,OTHER,0,robbieandrew.github.io / gaikindo.io
2013M12,monthly,2012.916667,PETROL,65172,robbieandrew.github.io / gaikindo.io
2013M12,monthly,2012.916667,PHEV,0,robbieandrew.github.io / gaikindo.io
2013M12,monthly,2012.916667,TOTAL,69768,robbieandrew.github.io / gaikindo.io
2014M01,monthly,2013,BEV,0,robbieandrew.github.io / gaikindo.io
2014M01,monthly,2013,DIESEL,5106,robbieandrew.github.io / gaikindo.io
2014M01,monthly,2013,HEV,0,robbieandrew.github.io / gaikindo.io
2014M01,monthly,2013,OTHER,0,robbieandrew.github.io / gaikindo.io
2014M01,monthly,2013,PETROL,70567,robbieandrew.github.io / gaikindo.io
2014M01,monthly,2013,PHEV,0,robbieandrew.github.io / gaikindo.io
2014M01,monthly,2013,TOTAL,75673,robbieandrew.github.io / gaikindo.io
2014M02,monthly,2013.083333,BEV,0,robbieandrew.github.io / gaikindo.io
2014M02,monthly,2013.083333,DIESEL,5666,robbieandrew.github.io / gaikindo.io
2014M02,monthly,2013.083333,HEV,0,robbieandrew.github.io / gaikindo.io
2014M02,monthly,2013.083333,OTHER,0,robbieandrew.github.io / gaikindo.io
2014M02,monthly,2013.083333,PETROL,75103,robbieandrew.github.io / gaikindo.io
2014M02,monthly,2013.083333,PHEV,0,robbieandrew.github.io / gaikindo.io
2014M02,monthly,2013.083333,TOTAL,80769,robbieandrew.github.io / gaikindo.io
2014M03,monthly,2013.166667,BEV,0,robbieandrew.github.io / gaikindo.io
2014M03,monthly,2013.166667,DIESEL,5150,robbieandrew.github.io / gaikindo.io
2014M03,monthly,2013.166667,HEV,0,robbieandrew.github.io / gaikindo.io
2014M03,monthly,2013.166667,OTHER,0,robbieandrew.github.io / gaikindo.io
2014M03,monthly,2013.166667,PETROL,76312,robbieandrew.github.io / gaikindo.io
2014M03,monthly,2013.166667,PHEV,0,robbieandrew.github.io / gaikindo.io
2014M03,monthly,2013.166667,TOTAL,81462,robbieandrew.github.io / gaikindo.io
2014M04,monthly,2013.25,BEV,0,robbieandrew.github.io / gaikindo.io
2014M04,monthly,2013.25,DIESEL,5540,robbieandrew.github.io / gaikindo.io
2014M04,monthly,2013.25,HEV,0,robbieandrew.github.io / gaikindo.io
2014M04,monthly,2013.25,OTHER,0,robbieandrew.github.io / gaikindo.io
2014M04,monthly,2013.25,PETROL,71671,robbieandrew.github.io / gaikindo.io
2014M04,monthly,2013.25,PHEV,0,robbieandrew.github.io / gaikindo.io
2014M04,monthly,2013.25,TOTAL,77211,robbieandrew.github.io / gaikindo.io
2014M05,monthly,2013.333333,BEV,0,robbieandrew.github.io / gaikindo.io
2014M05,monthly,2013.333333,DIESEL,4791,robbieandrew.github.io / gaikindo.io
2014M05,monthly,2013.333333,HEV,0,robbieandrew.github.io / gaikindo.io
2014M05,monthly,2013.333333,OTHER,0,robbieandrew.github.io / gaikindo.io
2014M05,monthly,2013.333333,PETROL,67061,robbieandrew.github.io / gaikindo.io
2014M05,monthly,2013.333333,PHEV,0,robbieandrew.github.io / gaikindo.io
2014M05,monthly,2013.333333,TOTAL,71852,robbieandrew.github.io / gaikindo.io
2014M06,monthly,2013.416667,BEV,0,robbieandrew.github.io / gaikindo.io
2014M06,monthly,2013.416667,DIESEL,6018,robbieandrew.github.io / gaikindo.io
2014M06,monthly,2013.416667,HEV,0,robbieandrew.github.io / gaikindo.io
2014M06,monthly,2013.416667,OTHER,0,robbieandrew.github.io / gaikindo.io
2014M06,monthly,2013.416667,PETROL,78220,robbieandrew.github.io / gaikindo.io
2014M06,monthly,2013.416667,PHEV,0,robbieandrew.github.io / gaikindo.io
2014M06,monthly,2013.416667,TOTAL,84238,robbieandrew.github.io / gaikindo.io
2014M07,monthly,2013.5,BEV,0,robbieandrew.github.io / gaikindo.io
2014M07,monthly,2013.5,DIESEL,4728,robbieandrew.github.io / gaikindo.io
2014M07,monthly,2013.5,HEV,0,robbieandrew.github.io / gaikindo.io
2014M07,monthly,2013.5,OTHER,0,robbieandrew.github.io / gaikindo.io
2014M07,monthly,2013.5,PETROL,64424,robbieandrew.github.io / gaikindo.io
2014M07,monthly,2013.5,PHEV,0,robbieandrew.github.io / gaikindo.io
2014M07,monthly,2013.5,TOTAL,69152,robbieandrew.github.io / gaikindo.io
2014M08,monthly,2013.583333,BEV,0,robbieandrew.github.io / gaikindo.io
2014M08,monthly,2013.583333,DIESEL,3777,robbieandrew.github.io / gaikindo.io
2014M08,monthly,2013.583333,HEV,0,robbieandrew.github.io / gaikindo.io
2014M08,monthly,2013.583333,OTHER,0,robbieandrew.github.io / gaikindo.io
2014M08,monthly,2013.583333,PETROL,67309,robbieandrew.github.io / gaikindo.io
2014M08,monthly,2013.583333,PHEV,0,robbieandrew.github.io / gaikindo.io
2014M08,monthly,2013.583333,TOTAL,71086,robbieandrew.github.io / gaikindo.io
2014M09,monthly,2013.666667,BEV,0,robbieandrew.github.io / gaikindo.io
2014M09,monthly,2013.666667,DIESEL,4719,robbieandrew.github.io / gaikindo.io
2014M09,monthly,2013.666667,HEV,0,robbieandrew.github.io / gaikindo.io
2014M09,monthly,2013.666667,OTHER,0,robbieandrew.github.io / gaikindo.io
2014M09,monthly,2013.666667,PETROL,70176,robbieandrew.github.io / gaikindo.io
2014M09,monthly,2013.666667,PHEV,0,robbieandrew.github.io / gaikindo.io
2014M09,monthly,2013.666667,TOTAL,74895,robbieandrew.github.io / gaikindo.io
2014M10,monthly,2013.75,BEV,0,robbieandrew.github.io / gaikindo.io
2014M10,monthly,2013.75,DIESEL,4577,robbieandrew.github.io / gaikindo.io
2014M10,monthly,2013.75,HEV,0,robbieandrew.github.io / gaikindo.io
2014M10,monthly,2013.75,OTHER,0,robbieandrew.github.io / gaikindo.io
2014M10,monthly,2013.75,PETROL,72217,robbieandrew.github.io / gaikindo.io
2014M10,monthly,2013.75,PHEV,0,robbieandrew.github.io / gaikindo.io
2014M10,monthly,2013.75,TOTAL,76794,robbieandrew.github.io / gaikindo.io
2014M11,monthly,2013.833333,BEV,0,robbieandrew.github.io / gaikindo.io
2014M11,monthly,2013.833333,DIESEL,4233,robbieandrew.github.io / gaikindo.io
2014M11,monthly,2013.833333,HEV,0,robbieandrew.github.io / gaikindo.io
2014M11,monthly,2013.833333,OTHER,0,robbieandrew.github.io / gaikindo.io
2014M11,monthly,2013.833333,PETROL,59404,robbieandrew.github.io / gaikindo.io
2014M11,monthly,2013.833333,PHEV,0,robbieandrew.github.io / gaikindo.io
2014M11,monthly,2013.833333,TOTAL,63637,robbieandrew.github.io / gaikindo.io
2014M12,monthly,2013.916667,BEV,0,robbieandrew.github.io / gaikindo.io
2014M12,monthly,2013.916667,DIESEL,3747,robbieandrew.github.io / gaikindo.io
2014M12,monthly,2013.916667,HEV,0,robbieandrew.github.io / gaikindo.io
2014M12,monthly,2013.916667,OTHER,0,robbieandrew.github.io / gaikindo.io
2014M12,monthly,2013.916667,PETROL,48948,robbieandrew.github.io / gaikindo.io
2014M12,monthly,2013.916667,PHEV,0,robbieandrew.github.io / gaikindo.io
2014M12,monthly,2013.916667,TOTAL,52695,robbieandrew.github.io / gaikindo.io
2015M01,monthly,2014,BEV,0,robbieandrew.github.io / gaikindo.io
2015M01,monthly,2014,DIESEL,3764,robbieandrew.github.io / gaikindo.io
2015M01,monthly,2014,HEV,0,robbieandrew.github.io / gaikindo.io
2015M01,monthly,2014,OTHER,0,robbieandrew.github.io / gaikindo.io
2015M01,monthly,2014,PETROL,62743,robbieandrew.github.io / gaikindo.io
2015M01,monthly,2014,PHEV,0,robbieandrew.github.io / gaikindo.io
2015M01,monthly,2014,TOTAL,66507,robbieandrew.github.io / gaikindo.io
2015M02,monthly,2014.083333,BEV,0,robbieandrew.github.io / gaikindo.io
2015M02,monthly,2014.083333,DIESEL,3739,robbieandrew.github.io / gaikindo.io
2015M02,monthly,2014.083333,HEV,0,robbieandrew.github.io / gaikindo.io
2015M02,monthly,2014.083333,OTHER,0,robbieandrew.github.io / gaikindo.io
2015M02,monthly,2014.083333,PETROL,58673,robbieandrew.github.io / gaikindo.io
2015M02,monthly,2014.083333,PHEV,0,robbieandrew.github.io / gaikindo.io
2015M02,monthly,2014.083333,TOTAL,62412,robbieandrew.github.io / gaikindo.io
2015M03,monthly,2014.166667,BEV,0,robbieandrew.github.io / gaikindo.io
2015M03,monthly,2014.166667,DIESEL,2552,robbieandrew.github.io / gaikindo.io
2015M03,monthly,2014.166667,HEV,0,robbieandrew.github.io / gaikindo.io
2015M03,monthly,2014.166667,OTHER,0,robbieandrew.github.io / gaikindo.io
2015M03,monthly,2014.166667,PETROL,68997,robbieandrew.github.io / gaikindo.io
2015M03,monthly,2014.166667,PHEV,0,robbieandrew.github.io / gaikindo.io
2015M03,monthly,2014.166667,TOTAL,71549,robbieandrew.github.io / gaikindo.io
2015M04,monthly,2014.25,BEV,0,robbieandrew.github.io / gaikindo.io
2015M04,monthly,2014.25,DIESEL,2794,robbieandrew.github.io / gaikindo.io
2015M04,monthly,2014.25,HEV,0,robbieandrew.github.io / gaikindo.io
2015M04,monthly,2014.25,OTHER,0,robbieandrew.github.io / gaikindo.io
2015M04,monthly,2014.25,PETROL,57555,robbieandrew.github.io / gaikindo.io
2015M04,monthly,2014.25,PHEV,0,robbieandrew.github.io / gaikindo.io
2015M04,monthly,2014.25,TOTAL,60349,robbieandrew.github.io / gaikindo.io
2015M05,monthly,2014.333333,BEV,0,robbieandrew.github.io / gaikindo.io
2015M05,monthly,2014.333333,DIESEL,4739,robbieandrew.github.io / gaikindo.io
2015M05,monthly,2014.333333,HEV,0,robbieandrew.github.io / gaikindo.io
2015M05,monthly,2014.333333,OTHER,0,robbieandrew.github.io / gaikindo.io
2015M05,monthly,2014.333333,PETROL,53537,robbieandrew.github.io / gaikindo.io
2015M05,monthly,2014.333333,PHEV,0,robbieandrew.github.io / gaikindo.io
2015M05,monthly,2014.333333,TOTAL,58276,robbieandrew.github.io / gaikindo.io
2015M06,monthly,2014.416667,BEV,0,robbieandrew.github.io / gaikindo.io
2015M06,monthly,2014.416667,DIESEL,5454,robbieandrew.github.io / gaikindo.io
2015M06,monthly,2014.416667,HEV,0,robbieandrew.github.io / gaikindo.io
2015M06,monthly,2014.416667,OTHER,0,robbieandrew.github.io / gaikindo.io
2015M06,monthly,2014.416667,PETROL,56870,robbieandrew.github.io / gaikindo.io
2015M06,monthly,2014.416667,PHEV,0,robbieandrew.github.io / gaikindo.io
2015M06,monthly,2014.416667,TOTAL,62324,robbieandrew.github.io / gaikindo.io
2015M07,monthly,2014.5,BEV,0,robbieandrew.github.io / gaikindo.io
2015M07,monthly,2014.5,DIESEL,2627,robbieandrew.github.io / gaikindo.io
2015M07,monthly,2014.5,HEV,0,robbieandrew.github.io / gaikindo.io
2015M07,monthly,2014.5,OTHER,0,robbieandrew.github.io / gaikindo.io
2015M07,monthly,2014.5,PETROL,35516,robbieandrew.github.io / gaikindo.io
2015M07,monthly,2014.5,PHEV,0,robbieandrew.github.io / gaikindo.io
2015M07,monthly,2014.5,TOTAL,38143,robbieandrew.github.io / gaikindo.io
2015M08,monthly,2014.583333,BEV,0,robbieandrew.github.io / gaikindo.io
2015M08,monthly,2014.583333,DIESEL,3061,robbieandrew.github.io / gaikindo.io
2015M08,monthly,2014.583333,HEV,0,robbieandrew.github.io / gaikindo.io
2015M08,monthly,2014.583333,OTHER,0,robbieandrew.github.io / gaikindo.io
2015M08,monthly,2014.583333,PETROL,66162,robbieandrew.github.io / gaikindo.io
2015M08,monthly,2014.583333,PHEV,0,robbieandrew.github.io / gaikindo.io
2015M08,monthly,2014.583333,TOTAL,69223,robbieandrew.github.io / gaikindo.io
2015M09,monthly,2014.666667,BEV,0,robbieandrew.github.io / gaikindo.io
2015M09,monthly,2014.666667,DIESEL,3211,robbieandrew.github.io / gaikindo.io
2015M09,monthly,2014.666667,HEV,0,robbieandrew.github.io / gaikindo.io
2015M09,monthly,2014.666667,OTHER,0,robbieandrew.github.io / gaikindo.io
2015M09,monthly,2014.666667,PETROL,65566,robbieandrew.github.io / gaikindo.io
2015M09,monthly,2014.666667,PHEV,0,robbieandrew.github.io / gaikindo.io
2015M09,monthly,2014.666667,TOTAL,68777,robbieandrew.github.io / gaikindo.io
2015M10,monthly,2014.75,BEV,0,robbieandrew.github.io / gaikindo.io
2015M10,monthly,2014.75,DIESEL,2234,robbieandrew.github.io / gaikindo.io
2015M10,monthly,2014.75,HEV,0,robbieandrew.github.io / gaikindo.io
2015M10,monthly,2014.75,OTHER,0,robbieandrew.github.io / gaikindo.io
2015M10,monthly,2014.75,PETROL,60481,robbieandrew.github.io / gaikindo.io
2015M10,monthly,2014.75,PHEV,0,robbieandrew.github.io / gaikindo.io
2015M10,monthly,2014.75,TOTAL,62715,robbieandrew.github.io / gaikindo.io
2015M11,monthly,2014.833333,BEV,0,robbieandrew.github.io / gaikindo.io
2015M11,monthly,2014.833333,DIESEL,2129,robbieandrew.github.io / gaikindo.io
2015M11,monthly,2014.833333,HEV,0,robbieandrew.github.io / gaikindo.io
2015M11,monthly,2014.833333,OTHER,0,robbieandrew.github.io / gaikindo.io
2015M11,monthly,2014.833333,PETROL,61534,robbieandrew.github.io / gaikindo.io
2015M11,monthly,2014.833333,PHEV,0,robbieandrew.github.io / gaikindo.io
2015M11,monthly,2014.833333,TOTAL,63663,robbieandrew.github.io / gaikindo.io
2015M12,monthly,2014.916667,BEV,0,robbieandrew.github.io / gaikindo.io
2015M12,monthly,2014.916667,DIESEL,3465,robbieandrew.github.io / gaikindo.io
2015M12,monthly,2014.916667,HEV,0,robbieandrew.github.io / gaikindo.io
2015M12,monthly,2014.916667,OTHER,0,robbieandrew.github.io / gaikindo.io
2015M12,monthly,2014.916667,PETROL,49394,robbieandrew.github.io / gaikindo.io
2015M12,monthly,2014.916667,PHEV,0,robbieandrew.github.io / gaikindo.io
2015M12,monthly,2014.916667,TOTAL,52859,robbieandrew.github.io / gaikindo.io
2016M01,monthly,2015,BEV,0,robbieandrew.github.io / gaikindo.io
2016M01,monthly,2015,DIESEL,3213,robbieandrew.github.io / gaikindo.io
2016M01,monthly,2015,HEV,0,robbieandrew.github.io / gaikindo.io
2016M01,monthly,2015,OTHER,0,robbieandrew.github.io / gaikindo.io
2016M01,monthly,2015,PETROL,58360,robbieandrew.github.io / gaikindo.io
2016M01,monthly,2015,PHEV,0,robbieandrew.github.io / gaikindo.io
2016M01,monthly,2015,TOTAL,61573,robbieandrew.github.io / gaikindo.io
2016M02,monthly,2015.083333,BEV,0,robbieandrew.github.io / gaikindo.io
2016M02,monthly,2015.083333,DIESEL,4287,robbieandrew.github.io / gaikindo.io
2016M02,monthly,2015.083333,HEV,0,robbieandrew.github.io / gaikindo.io
2016M02,monthly,2015.083333,OTHER,0,robbieandrew.github.io / gaikindo.io
2016M02,monthly,2015.083333,PETROL,58771,robbieandrew.github.io / gaikindo.io
2016M02,monthly,2015.083333,PHEV,0,robbieandrew.github.io / gaikindo.io
2016M02,monthly,2015.083333,TOTAL,63058,robbieandrew.github.io / gaikindo.io
2016M03,monthly,2015.166667,BEV,0,robbieandrew.github.io / gaikindo.io
2016M03,monthly,2015.166667,DIESEL,4281,robbieandrew.github.io / gaikindo.io
2016M03,monthly,2015.166667,HEV,0,robbieandrew.github.io / gaikindo.io
2016M03,monthly,2015.166667,OTHER,0,robbieandrew.github.io / gaikindo.io
2016M03,monthly,2015.166667,PETROL,64856,robbieandrew.github.io / gaikindo.io
2016M03,monthly,2015.166667,PHEV,0,robbieandrew.github.io / gaikindo.io
2016M03,monthly,2015.166667,TOTAL,69137,robbieandrew.github.io / gaikindo.io
2016M04,monthly,2015.25,BEV,0,robbieandrew.github.io / gaikindo.io
2016M04,monthly,2015.25,DIESEL,4729,robbieandrew.github.io / gaikindo.io
2016M04,monthly,2015.25,HEV,0,robbieandrew.github.io / gaikindo.io
2016M04,monthly,2015.25,OTHER,0,robbieandrew.github.io / gaikindo.io
2016M04,monthly,2015.25,PETROL,60540,robbieandrew.github.io / gaikindo.io
2016M04,monthly,2015.25,PHEV,0,robbieandrew.github.io / gaikindo.io
2016M04,monthly,2015.25,TOTAL,65269,robbieandrew.github.io / gaikindo.io
2016M05,monthly,2015.333333,BEV,0,robbieandrew.github.io / gaikindo.io
2016M05,monthly,2015.333333,DIESEL,5053,robbieandrew.github.io / gaikindo.io
2016M05,monthly,2015.333333,HEV,0,robbieandrew.github.io / gaikindo.io
2016M05,monthly,2015.333333,OTHER,0,robbieandrew.github.io / gaikindo.io
2016M05,monthly,2015.333333,PETROL,65174,robbieandrew.github.io / gaikindo.io
2016M05,monthly,2015.333333,PHEV,0,robbieandrew.github.io / gaikindo.io
2016M05,monthly,2015.333333,TOTAL,70227,robbieandrew.github.io / gaikindo.io
2016M06,monthly,2015.416667,BEV,0,robbieandrew.github.io / gaikindo.io
2016M06,monthly,2015.416667,DIESEL,6217,robbieandrew.github.io / gaikindo.io
2016M06,monthly,2015.416667,HEV,0,robbieandrew.github.io / gaikindo.io
2016M06,monthly,2015.416667,OTHER,0,robbieandrew.github.io / gaikindo.io
2016M06,monthly,2015.416667,PETROL,68127,robbieandrew.github.io / gaikindo.io
2016M06,monthly,2015.416667,PHEV,0,robbieandrew.github.io / gaikindo.io
2016M06,monthly,2015.416667,TOTAL,74344,robbieandrew.github.io / gaikindo.io
2016M07,monthly,2015.5,BEV,0,robbieandrew.github.io / gaikindo.io
2016M07,monthly,2015.5,DIESEL,3738,robbieandrew.github.io / gaikindo.io
2016M07,monthly,2015.5,HEV,0,robbieandrew.github.io / gaikindo.io
2016M07,monthly,2015.5,OTHER,0,robbieandrew.github.io / gaikindo.io
2016M07,monthly,2015.5,PETROL,44568,robbieandrew.github.io / gaikindo.io
2016M07,monthly,2015.5,PHEV,0,robbieandrew.github.io / gaikindo.io
2016M07,monthly,2015.5,TOTAL,48306,robbieandrew.github.io / gaikindo.io
2016M08,monthly,2015.583333,BEV,0,robbieandrew.github.io / gaikindo.io
2016M08,monthly,2015.583333,DIESEL,4072,robbieandrew.github.io / gaikindo.io
2016M08,monthly,2015.583333,HEV,0,robbieandrew.github.io / gaikindo.io
2016M08,monthly,2015.583333,OTHER,0,robbieandrew.github.io / gaikindo.io
2016M08,monthly,2015.583333,PETROL,73982,robbieandrew.github.io / gaikindo.io
2016M08,monthly,2015.583333,PHEV,0,robbieandrew.github.io / gaikindo.io
2016M08,monthly,2015.583333,TOTAL,78054,robbieandrew.github.io / gaikindo.io
2016M09,monthly,2015.666667,BEV,0,robbieandrew.github.io / gaikindo.io
2016M09,monthly,2015.666667,DIESEL,4455,robbieandrew.github.io / gaikindo.io
2016M09,monthly,2015.666667,HEV,0,robbieandrew.github.io / gaikindo.io
2016M09,monthly,2015.666667,OTHER,0,robbieandrew.github.io / gaikindo.io
2016M09,monthly,2015.666667,PETROL,67633,robbieandrew.github.io / gaikindo.io
2016M09,monthly,2015.666667,PHEV,0,robbieandrew.github.io / gaikindo.io
2016M09,monthly,2015.666667,TOTAL,72088,robbieandrew.github.io / gaikindo.io
2016M10,monthly,2015.75,BEV,0,robbieandrew.github.io / gaikindo.io
2016M10,monthly,2015.75,DIESEL,4002,robbieandrew.github.io / gaikindo.io
2016M10,monthly,2015.75,HEV,0,robbieandrew.github.io / gaikindo.io
2016M10,monthly,2015.75,OTHER,0,robbieandrew.github.io / gaikindo.io
2016M10,monthly,2015.75,PETROL,66847,robbieandrew.github.io / gaikindo.io
2016M10,monthly,2015.75,PHEV,0,robbieandrew.github.io / gaikindo.io
2016M10,monthly,2015.75,TOTAL,70849,robbieandrew.github.io / gaikindo.io
2016M11,monthly,2015.833333,BEV,0,robbieandrew.github.io / gaikindo.io
2016M11,monthly,2015.833333,DIESEL,4407,robbieandrew.github.io / gaikindo.io
2016M11,monthly,2015.833333,HEV,0,robbieandrew.github.io / gaikindo.io
2016M11,monthly,2015.833333,OTHER,0,robbieandrew.github.io / gaikindo.io
2016M11,monthly,2015.833333,PETROL,74407,robbieandrew.github.io / gaikindo.io
2016M11,monthly,2015.833333,PHEV,0,robbieandrew.github.io / gaikindo.io
2016M11,monthly,2015.833333,TOTAL,78814,robbieandrew.github.io / gaikindo.io
2016M12,monthly,2015.916667,BEV,0,robbieandrew.github.io / gaikindo.io
2016M12,monthly,2015.916667,DIESEL,3848,robbieandrew.github.io / gaikindo.io
2016M12,monthly,2015.916667,HEV,0,robbieandrew.github.io / gaikindo.io
2016M12,monthly,2015.916667,OTHER,0,robbieandrew.github.io / gaikindo.io
2016M12,monthly,2015.916667,PETROL,61465,robbieandrew.github.io / gaikindo.io
2016M12,monthly,2015.916667,PHEV,0,robbieandrew.github.io / gaikindo.io
2016M12,monthly,2015.916667,TOTAL,65313,robbieandrew.github.io / gaikindo.io
2017M01,monthly,2016,BEV,0,robbieandrew.github.io / gaikindo.io
2017M01,monthly,2016,DIESEL,4375,robbieandrew.github.io / gaikindo.io
2017M01,monthly,2016,HEV,0,robbieandrew.github.io / gaikindo.io
2017M01,monthly,2016,OTHER,0,robbieandrew.github.io / gaikindo.io
2017M01,monthly,2016,PETROL,64434,robbieandrew.github.io / gaikindo.io
2017M01,monthly,2016,PHEV,0,robbieandrew.github.io / gaikindo.io
2017M01,monthly,2016,TOTAL,68809,robbieandrew.github.io / gaikindo.io
2017M02,monthly,2016.083333,BEV,0,robbieandrew.github.io / gaikindo.io
2017M02,monthly,2016.083333,DIESEL,5470,robbieandrew.github.io / gaikindo.io
2017M02,monthly,2016.083333,HEV,0,robbieandrew.github.io / gaikindo.io
2017M02,monthly,2016.083333,OTHER,0,robbieandrew.github.io / gaikindo.io
2017M02,monthly,2016.083333,PETROL,69019,robbieandrew.github.io / gaikindo.io
2017M02,monthly,2016.083333,PHEV,0,robbieandrew.github.io / gaikindo.io
2017M02,monthly,2016.083333,TOTAL,74489,robbieandrew.github.io / gaikindo.io
2017M03,monthly,2016.166667,BEV,0,robbieandrew.github.io / gaikindo.io
2017M03,monthly,2016.166667,DIESEL,6524,robbieandrew.github.io / gaikindo.io
2017M03,monthly,2016.166667,HEV,0,robbieandrew.github.io / gaikindo.io
2017M03,monthly,2016.166667,OTHER,0,robbieandrew.github.io / gaikindo.io
2017M03,monthly,2016.166667,PETROL,75262,robbieandrew.github.io / gaikindo.io
2017M03,monthly,2016.166667,PHEV,0,robbieandrew.github.io / gaikindo.io
2017M03,monthly,2016.166667,TOTAL,81786,robbieandrew.github.io / gaikindo.io
2017M04,monthly,2016.25,BEV,0,robbieandrew.github.io / gaikindo.io
2017M04,monthly,2016.25,DIESEL,5421,robbieandrew.github.io / gaikindo.io
2017M04,monthly,2016.25,HEV,0,robbieandrew.github.io / gaikindo.io
2017M04,monthly,2016.25,OTHER,0,robbieandrew.github.io / gaikindo.io
2017M04,monthly,2016.25,PETROL,64685,robbieandrew.github.io / gaikindo.io
2017M04,monthly,2016.25,PHEV,0,robbieandrew.github.io / gaikindo.io
2017M04,monthly,2016.25,TOTAL,70106,robbieandrew.github.io / gaikindo.io
2017M05,monthly,2016.333333,BEV,0,robbieandrew.github.io / gaikindo.io
2017M05,monthly,2016.333333,DIESEL,7093,robbieandrew.github.io / gaikindo.io
2017M05,monthly,2016.333333,HEV,0,robbieandrew.github.io / gaikindo.io
2017M05,monthly,2016.333333,OTHER,0,robbieandrew.github.io / gaikindo.io
2017M05,monthly,2016.333333,PETROL,65889,robbieandrew.github.io / gaikindo.io
2017M05,monthly,2016.333333,PHEV,0,robbieandrew.github.io / gaikindo.io
2017M05,monthly,2016.333333,TOTAL,72982,robbieandrew.github.io / gaikindo.io
2017M06,monthly,2016.416667,BEV,0,robbieandrew.github.io / gaikindo.io
2017M06,monthly,2016.416667,DIESEL,5218,robbieandrew.github.io / gaikindo.io
2017M06,monthly,2016.416667,HEV,0,robbieandrew.github.io / gaikindo.io
2017M06,monthly,2016.416667,OTHER,0,robbieandrew.github.io / gaikindo.io
2017M06,monthly,2016.416667,PETROL,47096,robbieandrew.github.io / gaikindo.io
2017M06,monthly,2016.416667,PHEV,0,robbieandrew.github.io / gaikindo.io
2017M06,monthly,2016.416667,TOTAL,52314,robbieandrew.github.io / gaikindo.io
2017M07,monthly,2016.5,BEV,0,robbieandrew.github.io / gaikindo.io
2017M07,monthly,2016.5,DIESEL,6666,robbieandrew.github.io / gaikindo.io
2017M07,monthly,2016.5,HEV,0,robbieandrew.github.io / gaikindo.io
2017M07,monthly,2016.5,OTHER,0,robbieandrew.github.io / gaikindo.io
2017M07,monthly,2016.5,PETROL,59902,robbieandrew.github.io / gaikindo.io
2017M07,monthly,2016.5,PHEV,0,robbieandrew.github.io / gaikindo.io
2017M07,monthly,2016.5,TOTAL,66568,robbieandrew.github.io / gaikindo.io
2017M08,monthly,2016.583333,BEV,0,robbieandrew.github.io / gaikindo.io
2017M08,monthly,2016.583333,DIESEL,8305,robbieandrew.github.io / gaikindo.io
2017M08,monthly,2016.583333,HEV,0,robbieandrew.github.io / gaikindo.io
2017M08,monthly,2016.583333,OTHER,0,robbieandrew.github.io / gaikindo.io
2017M08,monthly,2016.583333,PETROL,68404,robbieandrew.github.io / gaikindo.io
2017M08,monthly,2016.583333,PHEV,0,robbieandrew.github.io / gaikindo.io
2017M08,monthly,2016.583333,TOTAL,76709,robbieandrew.github.io / gaikindo.io
2017M09,monthly,2016.666667,BEV,0,robbieandrew.github.io / gaikindo.io
2017M09,monthly,2016.666667,DIESEL,6673,robbieandrew.github.io / gaikindo.io
2017M09,monthly,2016.666667,HEV,0,robbieandrew.github.io / gaikindo.io
2017M09,monthly,2016.666667,OTHER,0,robbieandrew.github.io / gaikindo.io
2017M09,monthly,2016.666667,PETROL,59953,robbieandrew.github.io / gaikindo.io
2017M09,monthly,2016.666667,PHEV,0,robbieandrew.github.io / gaikindo.io
2017M09,monthly,2016.666667,TOTAL,66626,robbieandrew.github.io / gaikindo.io
2017M10,monthly,2016.75,BEV,0,robbieandrew.github.io / gaikindo.io
2017M10,monthly,2016.75,DIESEL,6367,robbieandrew.github.io / gaikindo.io
2017M10,monthly,2016.75,HEV,0,robbieandrew.github.io / gaikindo.io
2017M10,monthly,2016.75,OTHER,0,robbieandrew.github.io / gaikindo.io
2017M10,monthly,2016.75,PETROL,65478,robbieandrew.github.io / gaikindo.io
2017M10,monthly,2016.75,PHEV,0,robbieandrew.github.io / gaikindo.io
2017M10,monthly,2016.75,TOTAL,71845,robbieandrew.github.io / gaikindo.io
2017M11,monthly,2016.833333,BEV,0,robbieandrew.github.io / gaikindo.io
2017M11,monthly,2016.833333,DIESEL,7137,robbieandrew.github.io / gaikindo.io
2017M11,monthly,2016.833333,HEV,0,robbieandrew.github.io / gaikindo.io
2017M11,monthly,2016.833333,OTHER,0,robbieandrew.github.io / gaikindo.io
2017M11,monthly,2016.833333,PETROL,66560,robbieandrew.github.io / gaikindo.io
2017M11,monthly,2016.833333,PHEV,0,robbieandrew.github.io / gaikindo.io
2017M11,monthly,2016.833333,TOTAL,73697,robbieandrew.github.io / gaikindo.io
2017M12,monthly,2016.916667,BEV,0,robbieandrew.github.io / gaikindo.io
2017M12,monthly,2016.916667,DIESEL,6242,robbieandrew.github.io / gaikindo.io
2017M12,monthly,2016.916667,HEV,0,robbieandrew.github.io / gaikindo.io
2017M12,monthly,2016.916667,OTHER,0,robbieandrew.github.io / gaikindo.io
2017M12,monthly,2016.916667,PETROL,59059,robbieandrew.github.io / gaikindo.io
2017M12,monthly,2016.916667,PHEV,0,robbieandrew.github.io / gaikindo.io
2017M12,monthly,2016.916667,TOTAL,65301,robbieandrew.github.io / gaikindo.io
2018M01,monthly,2017,BEV,0,robbieandrew.github.io / gaikindo.io
2018M01,monthly,2017,DIESEL,5862,robbieandrew.github.io / gaikindo.io
2018M01,monthly,2017,HEV,0,robbieandrew.github.io / gaikindo.io
2018M01,monthly,2017,OTHER,0,robbieandrew.github.io / gaikindo.io
2018M01,monthly,2017,PETROL,66879,robbieandrew.github.io / gaikindo.io
2018M01,monthly,2017,PHEV,0,robbieandrew.github.io / gaikindo.io
2018M01,monthly,2017,TOTAL,72741,robbieandrew.github.io / gaikindo.io
2018M02,monthly,2017.083333,BEV,0,robbieandrew.github.io / gaikindo.io
2018M02,monthly,2017.083333,DIESEL,6956,robbieandrew.github.io / gaikindo.io
2018M02,monthly,2017.083333,HEV,0,robbieandrew.github.io / gaikindo.io
2018M02,monthly,2017.083333,OTHER,0,robbieandrew.github.io / gaikindo.io
2018M02,monthly,2017.083333,PETROL,64047,robbieandrew.github.io / gaikindo.io
2018M02,monthly,2017.083333,PHEV,0,robbieandrew.github.io / gaikindo.io
2018M02,monthly,2017.083333,TOTAL,71003,robbieandrew.github.io / gaikindo.io
2018M03,monthly,2017.166667,BEV,0,robbieandrew.github.io / gaikindo.io
2018M03,monthly,2017.166667,DIESEL,7489,robbieandrew.github.io / gaikindo.io
2018M03,monthly,2017.166667,HEV,0,robbieandrew.github.io / gaikindo.io
2018M03,monthly,2017.166667,OTHER,0,robbieandrew.github.io / gaikindo.io
2018M03,monthly,2017.166667,PETROL,69850,robbieandrew.github.io / gaikindo.io
2018M03,monthly,2017.166667,PHEV,0,robbieandrew.github.io / gaikindo.io
2018M03,monthly,2017.166667,TOTAL,77339,robbieandrew.github.io / gaikindo.io
2018M04,monthly,2017.25,BEV,0,robbieandrew.github.io / gaikindo.io
2018M04,monthly,2017.25,DIESEL,6425,robbieandrew.github.io / gaikindo.io
2018M04,monthly,2017.25,HEV,0,robbieandrew.github.io / gaikindo.io
2018M04,monthly,2017.25,OTHER,0,robbieandrew.github.io / gaikindo.io
2018M04,monthly,2017.25,PETROL,72458,robbieandrew.github.io / gaikindo.io
2018M04,monthly,2017.25,PHEV,0,robbieandrew.github.io / gaikindo.io
2018M04,monthly,2017.25,TOTAL,78883,robbieandrew.github.io / gaikindo.io
2018M05,monthly,2017.333333,BEV,0,robbieandrew.github.io / gaikindo.io
2018M05,monthly,2017.333333,DIESEL,6296,robbieandrew.github.io / gaikindo.io
2018M05,monthly,2017.333333,HEV,0,robbieandrew.github.io / gaikindo.io
2018M05,monthly,2017.333333,OTHER,0,robbieandrew.github.io / gaikindo.io
2018M05,monthly,2017.333333,PETROL,74217,robbieandrew.github.io / gaikindo.io
2018M05,monthly,2017.333333,PHEV,0,robbieandrew.github.io / gaikindo.io
2018M05,monthly,2017.333333,TOTAL,80513,robbieandrew.github.io / gaikindo.io
2018M06,monthly,2017.416667,BEV,0,robbieandrew.github.io / gaikindo.io
2018M06,monthly,2017.416667,DIESEL,3797,robbieandrew.github.io / gaikindo.io
2018M06,monthly,2017.416667,HEV,0,robbieandrew.github.io / gaikindo.io
2018M06,monthly,2017.416667,OTHER,0,robbieandrew.github.io / gaikindo.io
2018M06,monthly,2017.416667,PETROL,39656,robbieandrew.github.io / gaikindo.io
2018M06,monthly,2017.416667,PHEV,0,robbieandrew.github.io / gaikindo.io
2018M06,monthly,2017.416667,TOTAL,43453,robbieandrew.github.io / gaikindo.io
2018M07,monthly,2017.5,BEV,0,robbieandrew.github.io / gaikindo.io
2018M07,monthly,2017.5,DIESEL,6575,robbieandrew.github.io / gaikindo.io
2018M07,monthly,2017.5,HEV,0,robbieandrew.github.io / gaikindo.io
2018M07,monthly,2017.5,OTHER,0,robbieandrew.github.io / gaikindo.io
2018M07,monthly,2017.5,PETROL,75622,robbieandrew.github.io / gaikindo.io
2018M07,monthly,2017.5,PHEV,0,robbieandrew.github.io / gaikindo.io
2018M07,monthly,2017.5,TOTAL,82197,robbieandrew.github.io / gaikindo.io
2018M08,monthly,2017.583333,BEV,0,robbieandrew.github.io / gaikindo.io
2018M08,monthly,2017.583333,DIESEL,6906,robbieandrew.github.io / gaikindo.io
2018M08,monthly,2017.583333,HEV,0,robbieandrew.github.io / gaikindo.io
2018M08,monthly,2017.583333,OTHER,0,robbieandrew.github.io / gaikindo.io
2018M08,monthly,2017.583333,PETROL,70725,robbieandrew.github.io / gaikindo.io
2018M08,monthly,2017.583333,PHEV,0,robbieandrew.github.io / gaikindo.io
2018M08,monthly,2017.583333,TOTAL,77631,robbieandrew.github.io / gaikindo.io
2018M09,monthly,2017.666667,BEV,0,robbieandrew.github.io / gaikindo.io
2018M09,monthly,2017.666667,DIESEL,7032,robbieandrew.github.io / gaikindo.io
2018M09,monthly,2017.666667,HEV,0,robbieandrew.github.io / gaikindo.io
2018M09,monthly,2017.666667,OTHER,0,robbieandrew.github.io / gaikindo.io
2018M09,monthly,2017.666667,PETROL,61260,robbieandrew.github.io / gaikindo.io
2018M09,monthly,2017.666667,PHEV,0,robbieandrew.github.io / gaikindo.io
2018M09,monthly,2017.666667,TOTAL,68292,robbieandrew.github.io / gaikindo.io
2018M10,monthly,2017.75,BEV,0,robbieandrew.github.io / gaikindo.io
2018M10,monthly,2017.75,DIESEL,7228,robbieandrew.github.io / gaikindo.io
2018M10,monthly,2017.75,HEV,0,robbieandrew.github.io / gaikindo.io
2018M10,monthly,2017.75,OTHER,0,robbieandrew.github.io / gaikindo.io
2018M10,monthly,2017.75,PETROL,73577,robbieandrew.github.io / gaikindo.io
2018M10,monthly,2017.75,PHEV,0,robbieandrew.github.io / gaikindo.io
2018M10,monthly,2017.75,TOTAL,80805,robbieandrew.github.io / gaikindo.io
2018M11,monthly,2017.833333,BEV,0,robbieandrew.github.io / gaikindo.io
2018M11,monthly,2017.833333,DIESEL,6597,robbieandrew.github.io / gaikindo.io
2018M11,monthly,2017.833333,HEV,0,robbieandrew.github.io / gaikindo.io
2018M11,monthly,2017.833333,OTHER,2,robbieandrew.github.io / gaikindo.io
2018M11,monthly,2017.833333,PETROL,68455,robbieandrew.github.io / gaikindo.io
2018M11,monthly,2017.833333,PHEV,0,robbieandrew.github.io / gaikindo.io
2018M11,monthly,2017.833333,TOTAL,75054,robbieandrew.github.io / gaikindo.io
2018M12,monthly,2017.916667,BEV,0,robbieandrew.github.io / gaikindo.io
2018M12,monthly,2017.916667,DIESEL,5938,robbieandrew.github.io / gaikindo.io
2018M12,monthly,2017.916667,HEV,0,robbieandrew.github.io / gaikindo.io
2018M12,monthly,2017.916667,OTHER,3,robbieandrew.github.io / gaikindo.io
2018M12,monthly,2017.916667,PETROL,60825,robbieandrew.github.io / gaikindo.io
2018M12,monthly,2017.916667,PHEV,0,robbieandrew.github.io / gaikindo.io
2018M12,monthly,2017.916667,TOTAL,66766,robbieandrew.github.io / gaikindo.io
2019M01,monthly,2018,BEV,0,robbieandrew.github.io / gaikindo.io
2019M01,monthly,2018,DIESEL,6370,robbieandrew.github.io / gaikindo.io
2019M01,monthly,2018,HEV,0,robbieandrew.github.io / gaikindo.io
2019M01,monthly,2018,OTHER,0,robbieandrew.github.io / gaikindo.io
2019M01,monthly,2018,PETROL,50535,robbieandrew.github.io / gaikindo.io
2019M01,monthly,2018,PHEV,0,robbieandrew.github.io / gaikindo.io
2019M01,monthly,2018,TOTAL,56905,robbieandrew.github.io / gaikindo.io
2019M02,monthly,2018.083333,BEV,0,robbieandrew.github.io / gaikindo.io
2019M02,monthly,2018.083333,DIESEL,4908,robbieandrew.github.io / gaikindo.io
2019M02,monthly,2018.083333,HEV,0,robbieandrew.github.io / gaikindo.io
2019M02,monthly,2018.083333,OTHER,1,robbieandrew.github.io / gaikindo.io
2019M02,monthly,2018.083333,PETROL,57150,robbieandrew.github.io / gaikindo.io
2019M02,monthly,2018.083333,PHEV,0,robbieandrew.github.io / gaikindo.io
2019M02,monthly,2018.083333,TOTAL,62059,robbieandrew.github.io / gaikindo.io
2019M03,monthly,2018.166667,BEV,0,robbieandrew.github.io / gaikindo.io
2019M03,monthly,2018.166667,DIESEL,6241,robbieandrew.github.io / gaikindo.io
2019M03,monthly,2018.166667,HEV,0,robbieandrew.github.io / gaikindo.io
2019M03,monthly,2018.166667,OTHER,0,robbieandrew.github.io / gaikindo.io
2019M03,monthly,2018.166667,PETROL,66411,robbieandrew.github.io / gaikindo.io
2019M03,monthly,2018.166667,PHEV,0,robbieandrew.github.io / gaikindo.io
2019M03,monthly,2018.166667,TOTAL,72652,robbieandrew.github.io / gaikindo.io
2019M04,monthly,2018.25,BEV,0,robbieandrew.github.io / gaikindo.io
2019M04,monthly,2018.25,DIESEL,5716,robbieandrew.github.io / gaikindo.io
2019M04,monthly,2018.25,HEV,70,robbieandrew.github.io / gaikindo.io
2019M04,monthly,2018.25,OTHER,1,robbieandrew.github.io / gaikindo.io
2019M04,monthly,2018.25,PETROL,62049,robbieandrew.github.io / gaikindo.io
2019M04,monthly,2018.25,PHEV,0,robbieandrew.github.io / gaikindo.io
2019M04,monthly,2018.25,TOTAL,67836,robbieandrew.github.io / gaikindo.io
2019M05,monthly,2018.333333,BEV,0,robbieandrew.github.io / gaikindo.io
2019M05,monthly,2018.333333,DIESEL,5950,robbieandrew.github.io / gaikindo.io
2019M05,monthly,2018.333333,HEV,71,robbieandrew.github.io / gaikindo.io
2019M05,monthly,2018.333333,OTHER,2,robbieandrew.github.io / gaikindo.io
2019M05,monthly,2018.333333,PETROL,61017,robbieandrew.github.io / gaikindo.io
2019M05,monthly,2018.333333,PHEV,0,robbieandrew.github.io / gaikindo.io
2019M05,monthly,2018.333333,TOTAL,67040,robbieandrew.github.io / gaikindo.io
2019M06,monthly,2018.416667,BEV,0,robbieandrew.github.io / gaikindo.io
2019M06,monthly,2018.416667,DIESEL,4309,robbieandrew.github.io / gaikindo.io
2019M06,monthly,2018.416667,HEV,31,robbieandrew.github.io / gaikindo.io
2019M06,monthly,2018.416667,OTHER,0,robbieandrew.github.io / gaikindo.io
2019M06,monthly,2018.416667,PETROL,39232,robbieandrew.github.io / gaikindo.io
2019M06,monthly,2018.416667,PHEV,0,robbieandrew.github.io / gaikindo.io
2019M06,monthly,2018.416667,TOTAL,43572,robbieandrew.github.io / gaikindo.io
2019M07,monthly,2018.5,BEV,0,robbieandrew.github.io / gaikindo.io
2019M07,monthly,2018.5,DIESEL,5028,robbieandrew.github.io / gaikindo.io
2019M07,monthly,2018.5,HEV,34,robbieandrew.github.io / gaikindo.io
2019M07,monthly,2018.5,OTHER,1,robbieandrew.github.io / gaikindo.io
2019M07,monthly,2018.5,PETROL,63430,robbieandrew.github.io / gaikindo.io
2019M07,monthly,2018.5,PHEV,0,robbieandrew.github.io / gaikindo.io
2019M07,monthly,2018.5,TOTAL,68493,robbieandrew.github.io / gaikindo.io
2019M08,monthly,2018.583333,BEV,0,robbieandrew.github.io / gaikindo.io
2019M08,monthly,2018.583333,DIESEL,6278,robbieandrew.github.io / gaikindo.io
2019M08,monthly,2018.583333,HEV,36,robbieandrew.github.io / gaikindo.io
2019M08,monthly,2018.583333,OTHER,0,robbieandrew.github.io / gaikindo.io
2019M08,monthly,2018.583333,PETROL,61558,robbieandrew.github.io / gaikindo.io
2019M08,monthly,2018.583333,PHEV,0,robbieandrew.github.io / gaikindo.io
2019M08,monthly,2018.583333,TOTAL,67872,robbieandrew.github.io / gaikindo.io
2019M09,monthly,2018.666667,BEV,0,robbieandrew.github.io / gaikindo.io
2019M09,monthly,2018.666667,DIESEL,5200,robbieandrew.github.io / gaikindo.io
2019M09,monthly,2018.666667,HEV,35,robbieandrew.github.io / gaikindo.io
2019M09,monthly,2018.666667,OTHER,2,robbieandrew.github.io / gaikindo.io
2019M09,monthly,2018.666667,PETROL,65453,robbieandrew.github.io / gaikindo.io
2019M09,monthly,2018.666667,PHEV,0,robbieandrew.github.io / gaikindo.io
2019M09,monthly,2018.666667,TOTAL,70690,robbieandrew.github.io / gaikindo.io
2019M10,monthly,2018.75,BEV,0,robbieandrew.github.io / gaikindo.io
2019M10,monthly,2018.75,DIESEL,6076,robbieandrew.github.io / gaikindo.io
2019M10,monthly,2018.75,HEV,29,robbieandrew.github.io / gaikindo.io
2019M10,monthly,2018.75,OTHER,1,robbieandrew.github.io / gaikindo.io
2019M10,monthly,2018.75,PETROL,65974,robbieandrew.github.io / gaikindo.io
2019M10,monthly,2018.75,PHEV,0,robbieandrew.github.io / gaikindo.io
2019M10,monthly,2018.75,TOTAL,72080,robbieandrew.github.io / gaikindo.io
2019M11,monthly,2018.833333,BEV,0,robbieandrew.github.io / gaikindo.io
2019M11,monthly,2018.833333,DIESEL,6061,robbieandrew.github.io / gaikindo.io
2019M11,monthly,2018.833333,HEV,13,robbieandrew.github.io / gaikindo.io
2019M11,monthly,2018.833333,OTHER,2,robbieandrew.github.io / gaikindo.io
2019M11,monthly,2018.833333,PETROL,63637,robbieandrew.github.io / gaikindo.io
2019M11,monthly,2018.833333,PHEV,0,robbieandrew.github.io / gaikindo.io
2019M11,monthly,2018.833333,TOTAL,69713,robbieandrew.github.io / gaikindo.io
2019M12,monthly,2018.916667,BEV,0,robbieandrew.github.io / gaikindo.io
2019M12,monthly,2018.916667,DIESEL,5696,robbieandrew.github.io / gaikindo.io
2019M12,monthly,2018.916667,HEV,12,robbieandrew.github.io / gaikindo.io
2019M12,monthly,2018.916667,OTHER,8,robbieandrew.github.io / gaikindo.io
2019M12,monthly,2018.916667,PETROL,58390,robbieandrew.github.io / gaikindo.io
2019M12,monthly,2018.916667,PHEV,0,robbieandrew.github.io / gaikindo.io
2019M12,monthly,2018.916667,TOTAL,64106,robbieandrew.github.io / gaikindo.io
2020M01,monthly,2019,BEV,20,robbieandrew.github.io / gaikindo.io
2020M01,monthly,2019,DIESEL,5154,robbieandrew.github.io / gaikindo.io
2020M01,monthly,2019,HEV,15,robbieandrew.github.io / gaikindo.io
2020M01,monthly,2019,OTHER,0,robbieandrew.github.io / gaikindo.io
2020M01,monthly,2019,PETROL,55552,robbieandrew.github.io / gaikindo.io
2020M01,monthly,2019,PHEV,2,robbieandrew.github.io / gaikindo.io
2020M01,monthly,2019,TOTAL,60743,robbieandrew.github.io / gaikindo.io
2020M02,monthly,2019.083333,BEV,2,robbieandrew.github.io / gaikindo.io
2020M02,monthly,2019.083333,DIESEL,5800,robbieandrew.github.io / gaikindo.io
2020M02,monthly,2019.083333,HEV,54,robbieandrew.github.io / gaikindo.io
2020M02,monthly,2019.083333,OTHER,0,robbieandrew.github.io / gaikindo.io
2020M02,monthly,2019.083333,PETROL,54035,robbieandrew.github.io / gaikindo.io
2020M02,monthly,2019.083333,PHEV,2,robbieandrew.github.io / gaikindo.io
2020M02,monthly,2019.083333,TOTAL,59893,robbieandrew.github.io / gaikindo.io
2020M03,monthly,2019.166667,BEV,0,robbieandrew.github.io / gaikindo.io
2020M03,monthly,2019.166667,DIESEL,5613,robbieandrew.github.io / gaikindo.io
2020M03,monthly,2019.166667,HEV,61,robbieandrew.github.io / gaikindo.io
2020M03,monthly,2019.166667,OTHER,0,robbieandrew.github.io / gaikindo.io
2020M03,monthly,2019.166667,PETROL,55897,robbieandrew.github.io / gaikindo.io
2020M03,monthly,2019.166667,PHEV,1,robbieandrew.github.io / gaikindo.io
2020M03,monthly,2019.166667,TOTAL,61572,robbieandrew.github.io / gaikindo.io
2020M04,monthly,2019.25,BEV,0,robbieandrew.github.io / gaikindo.io
2020M04,monthly,2019.25,DIESEL,629,robbieandrew.github.io / gaikindo.io
2020M04,monthly,2019.25,HEV,10,robbieandrew.github.io / gaikindo.io
2020M04,monthly,2019.25,OTHER,0,robbieandrew.github.io / gaikindo.io
2020M04,monthly,2019.25,PETROL,5208,robbieandrew.github.io / gaikindo.io
2020M04,monthly,2019.25,PHEV,0,robbieandrew.github.io / gaikindo.io
2020M04,monthly,2019.25,TOTAL,5847,robbieandrew.github.io / gaikindo.io
2020M05,monthly,2019.333333,BEV,0,robbieandrew.github.io / gaikindo.io
2020M05,monthly,2019.333333,DIESEL,248,robbieandrew.github.io / gaikindo.io
2020M05,monthly,2019.333333,HEV,0,robbieandrew.github.io / gaikindo.io
2020M05,monthly,2019.333333,OTHER,0,robbieandrew.github.io / gaikindo.io
2020M05,monthly,2019.333333,PETROL,1904,robbieandrew.github.io / gaikindo.io
2020M05,monthly,2019.333333,PHEV,0,robbieandrew.github.io / gaikindo.io
2020M05,monthly,2019.333333,TOTAL,2152,robbieandrew.github.io / gaikindo.io
2020M06,monthly,2019.416667,BEV,0,robbieandrew.github.io / gaikindo.io
2020M06,monthly,2019.416667,DIESEL,945,robbieandrew.github.io / gaikindo.io
2020M06,monthly,2019.416667,HEV,24,robbieandrew.github.io / gaikindo.io
2020M06,monthly,2019.416667,OTHER,0,robbieandrew.github.io / gaikindo.io
2020M06,monthly,2019.416667,PETROL,6402,robbieandrew.github.io / gaikindo.io
2020M06,monthly,2019.416667,PHEV,0,robbieandrew.github.io / gaikindo.io
2020M06,monthly,2019.416667,TOTAL,7371,robbieandrew.github.io / gaikindo.io
2020M07,monthly,2019.5,BEV,0,robbieandrew.github.io / gaikindo.io
2020M07,monthly,2019.5,DIESEL,3383,robbieandrew.github.io / gaikindo.io
2020M07,monthly,2019.5,HEV,54,robbieandrew.github.io / gaikindo.io
2020M07,monthly,2019.5,OTHER,0,robbieandrew.github.io / gaikindo.io
2020M07,monthly,2019.5,PETROL,11642,robbieandrew.github.io / gaikindo.io
2020M07,monthly,2019.5,PHEV,0,robbieandrew.github.io / gaikindo.io
2020M07,monthly,2019.5,TOTAL,15079,robbieandrew.github.io / gaikindo.io
2020M08,monthly,2019.583333,BEV,0,robbieandrew.github.io / gaikindo.io
2020M08,monthly,2019.583333,DIESEL,3513,robbieandrew.github.io / gaikindo.io
2020M08,monthly,2019.583333,HEV,136,robbieandrew.github.io / gaikindo.io
2020M08,monthly,2019.583333,OTHER,0,robbieandrew.github.io / gaikindo.io
2020M08,monthly,2019.583333,PETROL,19311,robbieandrew.github.io / gaikindo.io
2020M08,monthly,2019.583333,PHEV,0,robbieandrew.github.io / gaikindo.io
2020M08,monthly,2019.583333,TOTAL,22960,robbieandrew.github.io / gaikindo.io
2020M09,monthly,2019.666667,BEV,1,robbieandrew.github.io / gaikindo.io
2020M09,monthly,2019.666667,DIESEL,2016,robbieandrew.github.io / gaikindo.io
2020M09,monthly,2019.666667,HEV,190,robbieandrew.github.io / gaikindo.io
2020M09,monthly,2019.666667,OTHER,0,robbieandrew.github.io / gaikindo.io
2020M09,monthly,2019.666667,PETROL,30817,robbieandrew.github.io / gaikindo.io
2020M09,monthly,2019.666667,PHEV,1,robbieandrew.github.io / gaikindo.io
2020M09,monthly,2019.666667,TOTAL,33025,robbieandrew.github.io / gaikindo.io
2020M10,monthly,2019.75,BEV,54,robbieandrew.github.io / gaikindo.io
2020M10,monthly,2019.75,DIESEL,3029,robbieandrew.github.io / gaikindo.io
2020M10,monthly,2019.75,HEV,157,robbieandrew.github.io / gaikindo.io
2020M10,monthly,2019.75,OTHER,0,robbieandrew.github.io / gaikindo.io
2020M10,monthly,2019.75,PETROL,31460,robbieandrew.github.io / gaikindo.io
2020M10,monthly,2019.75,PHEV,0,robbieandrew.github.io / gaikindo.io
2020M10,monthly,2019.75,TOTAL,34700,robbieandrew.github.io / gaikindo.io
2020M11,monthly,2019.833333,BEV,33,robbieandrew.github.io / gaikindo.io
2020M11,monthly,2019.833333,DIESEL,4229,robbieandrew.github.io / gaikindo.io
2020M11,monthly,2019.833333,HEV,98,robbieandrew.github.io / gaikindo.io
2020M11,monthly,2019.833333,OTHER,0,robbieandrew.github.io / gaikindo.io
2020M11,monthly,2019.833333,PETROL,30958,robbieandrew.github.io / gaikindo.io
2020M11,monthly,2019.833333,PHEV,0,robbieandrew.github.io / gaikindo.io
2020M11,monthly,2019.833333,TOTAL,35318,robbieandrew.github.io / gaikindo.io
2020M12,monthly,2019.916667,BEV,10,robbieandrew.github.io / gaikindo.io
2020M12,monthly,2019.916667,DIESEL,5415,robbieandrew.github.io / gaikindo.io
2020M12,monthly,2019.916667,HEV,151,robbieandrew.github.io / gaikindo.io
2020M12,monthly,2019.916667,OTHER,0,robbieandrew.github.io / gaikindo.io
2020M12,monthly,2019.916667,PETROL,34689,robbieandrew.github.io / gaikindo.io
2020M12,monthly,2019.916667,PHEV,0,robbieandrew.github.io / gaikindo.io
2020M12,monthly,2019.916667,TOTAL,40265,robbieandrew.github.io / gaikindo.io
2021M01,monthly,2020,BEV,46,robbieandrew.github.io / gaikindo.io
2021M01,monthly,2020,DIESEL,3557,robbieandrew.github.io / gaikindo.io
2021M01,monthly,2020,HEV,230,robbieandrew.github.io / gaikindo.io
2021M01,monthly,2020,OTHER,0,robbieandrew.github.io / gaikindo.io
2021M01,monthly,2020,PETROL,33792,robbieandrew.github.io / gaikindo.io
2021M01,monthly,2020,PHEV,0,robbieandrew.github.io / gaikindo.io
2021M01,monthly,2020,TOTAL,37625,robbieandrew.github.io / gaikindo.io
2021M02,monthly,2020.083333,BEV,125,robbieandrew.github.io / gaikindo.io
2021M02,monthly,2020.083333,DIESEL,4822,robbieandrew.github.io / gaikindo.io
2021M02,monthly,2020.083333,HEV,335,robbieandrew.github.io / gaikindo.io
2021M02,monthly,2020.083333,OTHER,0,robbieandrew.github.io / gaikindo.io
2021M02,monthly,2020.083333,PETROL,27758,robbieandrew.github.io / gaikindo.io
2021M02,monthly,2020.083333,PHEV,0,robbieandrew.github.io / gaikindo.io
2021M02,monthly,2020.083333,TOTAL,33040,robbieandrew.github.io / gaikindo.io
2021M03,monthly,2020.166667,BEV,88,robbieandrew.github.io / gaikindo.io
2021M03,monthly,2020.166667,DIESEL,4561,robbieandrew.github.io / gaikindo.io
2021M03,monthly,2020.166667,HEV,311,robbieandrew.github.io / gaikindo.io
2021M03,monthly,2020.166667,OTHER,0,robbieandrew.github.io / gaikindo.io
2021M03,monthly,2020.166667,PETROL,59139,robbieandrew.github.io / gaikindo.io
2021M03,monthly,2020.166667,PHEV,0,robbieandrew.github.io / gaikindo.io
2021M03,monthly,2020.166667,TOTAL,64099,robbieandrew.github.io / gaikindo.io
2021M04,monthly,2020.25,BEV,102,robbieandrew.github.io / gaikindo.io
2021M04,monthly,2020.25,DIESEL,8057,robbieandrew.github.io / gaikindo.io
2021M04,monthly,2020.25,HEV,285,robbieandrew.github.io / gaikindo.io
2021M04,monthly,2020.25,OTHER,0,robbieandrew.github.io / gaikindo.io
2021M04,monthly,2020.25,PETROL,50129,robbieandrew.github.io / gaikindo.io
2021M04,monthly,2020.25,PHEV,0,robbieandrew.github.io / gaikindo.io
2021M04,monthly,2020.25,TOTAL,58573,robbieandrew.github.io / gaikindo.io
2021M05,monthly,2020.333333,BEV,58,robbieandrew.github.io / gaikindo.io
2021M05,monthly,2020.333333,DIESEL,3980,robbieandrew.github.io / gaikindo.io
2021M05,monthly,2020.333333,HEV,128,robbieandrew.github.io / gaikindo.io
2021M05,monthly,2020.333333,OTHER,0,robbieandrew.github.io / gaikindo.io
2021M05,monthly,2020.333333,PETROL,38243,robbieandrew.github.io / gaikindo.io
2021M05,monthly,2020.333333,PHEV,0,robbieandrew.github.io / gaikindo.io
2021M05,monthly,2020.333333,TOTAL,42409,robbieandrew.github.io / gaikindo.io
2021M06,monthly,2020.416667,BEV,69,robbieandrew.github.io / gaikindo.io
2021M06,monthly,2020.416667,DIESEL,6638,robbieandrew.github.io / gaikindo.io
2021M06,monthly,2020.416667,HEV,89,robbieandrew.github.io / gaikindo.io
2021M06,monthly,2020.416667,OTHER,0,robbieandrew.github.io / gaikindo.io
2021M06,monthly,2020.416667,PETROL,47179,robbieandrew.github.io / gaikindo.io
2021M06,monthly,2020.416667,PHEV,0,robbieandrew.github.io / gaikindo.io
2021M06,monthly,2020.416667,TOTAL,53975,robbieandrew.github.io / gaikindo.io
2021M07,monthly,2020.5,BEV,46,robbieandrew.github.io / gaikindo.io
2021M07,monthly,2020.5,DIESEL,5068,robbieandrew.github.io / gaikindo.io
2021M07,monthly,2020.5,HEV,80,robbieandrew.github.io / gaikindo.io
2021M07,monthly,2020.5,OTHER,0,robbieandrew.github.io / gaikindo.io
2021M07,monthly,2020.5,PETROL,46105,robbieandrew.github.io / gaikindo.io
2021M07,monthly,2020.5,PHEV,0,robbieandrew.github.io / gaikindo.io
2021M07,monthly,2020.5,TOTAL,51299,robbieandrew.github.io / gaikindo.io
2021M08,monthly,2020.583333,BEV,36,robbieandrew.github.io / gaikindo.io
2021M08,monthly,2020.583333,DIESEL,6411,robbieandrew.github.io / gaikindo.io
2021M08,monthly,2020.583333,HEV,170,robbieandrew.github.io / gaikindo.io
2021M08,monthly,2020.583333,OTHER,0,robbieandrew.github.io / gaikindo.io
2021M08,monthly,2020.583333,PETROL,57012,robbieandrew.github.io / gaikindo.io
2021M08,monthly,2020.583333,PHEV,0,robbieandrew.github.io / gaikindo.io
2021M08,monthly,2020.583333,TOTAL,63629,robbieandrew.github.io / gaikindo.io
2021M09,monthly,2020.666667,BEV,39,robbieandrew.github.io / gaikindo.io
2021M09,monthly,2020.666667,DIESEL,4526,robbieandrew.github.io / gaikindo.io
2021M09,monthly,2020.666667,HEV,110,robbieandrew.github.io / gaikindo.io
2021M09,monthly,2020.666667,OTHER,0,robbieandrew.github.io / gaikindo.io
2021M09,monthly,2020.666667,PETROL,56749,robbieandrew.github.io / gaikindo.io
2021M09,monthly,2020.666667,PHEV,0,robbieandrew.github.io / gaikindo.io
2021M09,monthly,2020.666667,TOTAL,61424,robbieandrew.github.io / gaikindo.io
2021M10,monthly,2020.75,BEV,45,robbieandrew.github.io / gaikindo.io
2021M10,monthly,2020.75,DIESEL,4371,robbieandrew.github.io / gaikindo.io
2021M10,monthly,2020.75,HEV,160,robbieandrew.github.io / gaikindo.io
2021M10,monthly,2020.75,OTHER,0,robbieandrew.github.io / gaikindo.io
2021M10,monthly,2020.75,PETROL,48842,robbieandrew.github.io / gaikindo.io
2021M10,monthly,2020.75,PHEV,0,robbieandrew.github.io / gaikindo.io
2021M10,monthly,2020.75,TOTAL,53418,robbieandrew.github.io / gaikindo.io
2021M11,monthly,2020.833333,BEV,19,robbieandrew.github.io / gaikindo.io
2021M11,monthly,2020.833333,DIESEL,5470,robbieandrew.github.io / gaikindo.io
2021M11,monthly,2020.833333,HEV,239,robbieandrew.github.io / gaikindo.io
2021M11,monthly,2020.833333,OTHER,0,robbieandrew.github.io / gaikindo.io
2021M11,monthly,2020.833333,PETROL,58015,robbieandrew.github.io / gaikindo.io
2021M11,monthly,2020.833333,PHEV,0,robbieandrew.github.io / gaikindo.io
2021M11,monthly,2020.833333,TOTAL,63743,robbieandrew.github.io / gaikindo.io
2021M12,monthly,2020.916667,BEV,12,robbieandrew.github.io / gaikindo.io
2021M12,monthly,2020.916667,DIESEL,5649,robbieandrew.github.io / gaikindo.io
2021M12,monthly,2020.916667,HEV,336,robbieandrew.github.io / gaikindo.io
2021M12,monthly,2020.916667,OTHER,0,robbieandrew.github.io / gaikindo.io
2021M12,monthly,2020.916667,PETROL,67385,robbieandrew.github.io / gaikindo.io
2021M12,monthly,2020.916667,PHEV,0,robbieandrew.github.io / gaikindo.io
2021M12,monthly,2020.916667,TOTAL,73382,robbieandrew.github.io / gaikindo.io
2022M01,monthly,2021,BEV,36,robbieandrew.github.io / gaikindo.io
2022M01,monthly,2021,DIESEL,6739,robbieandrew.github.io / gaikindo.io
2022M01,monthly,2021,HEV,95,robbieandrew.github.io / gaikindo.io
2022M01,monthly,2021,OTHER,0,robbieandrew.github.io / gaikindo.io
2022M01,monthly,2021,PETROL,55458,robbieandrew.github.io / gaikindo.io
2022M01,monthly,2021,PHEV,0,robbieandrew.github.io / gaikindo.io
2022M01,monthly,2021,TOTAL,62328,robbieandrew.github.io / gaikindo.io
2022M02,monthly,2021.083333,BEV,9,robbieandrew.github.io / gaikindo.io
2022M02,monthly,2021.083333,DIESEL,7211,robbieandrew.github.io / gaikindo.io
2022M02,monthly,2021.083333,HEV,346,robbieandrew.github.io / gaikindo.io
2022M02,monthly,2021.083333,OTHER,43,robbieandrew.github.io / gaikindo.io
2022M02,monthly,2021.083333,PETROL,52777,robbieandrew.github.io / gaikindo.io
2022M02,monthly,2021.083333,PHEV,2,robbieandrew.github.io / gaikindo.io
2022M02,monthly,2021.083333,TOTAL,60388,robbieandrew.github.io / gaikindo.io
2022M03,monthly,2021.166667,BEV,19,robbieandrew.github.io / gaikindo.io
2022M03,monthly,2021.166667,DIESEL,10167,robbieandrew.github.io / gaikindo.io
2022M03,monthly,2021.166667,HEV,205,robbieandrew.github.io / gaikindo.io
2022M03,monthly,2021.166667,OTHER,5,robbieandrew.github.io / gaikindo.io
2022M03,monthly,2021.166667,PETROL,64644,robbieandrew.github.io / gaikindo.io
2022M03,monthly,2021.166667,PHEV,8,robbieandrew.github.io / gaikindo.io
2022M03,monthly,2021.166667,TOTAL,75048,robbieandrew.github.io / gaikindo.io
2022M04,monthly,2021.25,BEV,99,robbieandrew.github.io / gaikindo.io
2022M04,monthly,2021.25,DIESEL,6788,robbieandrew.github.io / gaikindo.io
2022M04,monthly,2021.25,HEV,201,robbieandrew.github.io / gaikindo.io
2022M04,monthly,2021.25,OTHER,0,robbieandrew.github.io / gaikindo.io
2022M04,monthly,2021.25,PETROL,53548,robbieandrew.github.io / gaikindo.io
2022M04,monthly,2021.25,PHEV,0,robbieandrew.github.io / gaikindo.io
2022M04,monthly,2021.25,TOTAL,60636,robbieandrew.github.io / gaikindo.io
2022M05,monthly,2021.333333,BEV,200,robbieandrew.github.io / gaikindo.io
2022M05,monthly,2021.333333,DIESEL,4241,robbieandrew.github.io / gaikindo.io
2022M05,monthly,2021.333333,HEV,175,robbieandrew.github.io / gaikindo.io
2022M05,monthly,2021.333333,OTHER,1,robbieandrew.github.io / gaikindo.io
2022M05,monthly,2021.333333,PETROL,31003,robbieandrew.github.io / gaikindo.io
2022M05,monthly,2021.333333,PHEV,0,robbieandrew.github.io / gaikindo.io
2022M05,monthly,2021.333333,TOTAL,35620,robbieandrew.github.io / gaikindo.io
2022M06,monthly,2021.416667,BEV,132,robbieandrew.github.io / gaikindo.io
2022M06,monthly,2021.416667,DIESEL,6262,robbieandrew.github.io / gaikindo.io
2022M06,monthly,2021.416667,HEV,211,robbieandrew.github.io / gaikindo.io
2022M06,monthly,2021.416667,OTHER,52,robbieandrew.github.io / gaikindo.io
2022M06,monthly,2021.416667,PETROL,54630,robbieandrew.github.io / gaikindo.io
2022M06,monthly,2021.416667,PHEV,0,robbieandrew.github.io / gaikindo.io
2022M06,monthly,2021.416667,TOTAL,61287,robbieandrew.github.io / gaikindo.io
2022M07,monthly,2021.5,BEV,131,robbieandrew.github.io / gaikindo.io
2022M07,monthly,2021.5,DIESEL,5752,robbieandrew.github.io / gaikindo.io
2022M07,monthly,2021.5,HEV,184,robbieandrew.github.io / gaikindo.io
2022M07,monthly,2021.5,OTHER,33,robbieandrew.github.io / gaikindo.io
2022M07,monthly,2021.5,PETROL,59046,robbieandrew.github.io / gaikindo.io
2022M07,monthly,2021.5,PHEV,0,robbieandrew.github.io / gaikindo.io
2022M07,monthly,2021.5,TOTAL,65146,robbieandrew.github.io / gaikindo.io
2022M08,monthly,2021.583333,BEV,1021,robbieandrew.github.io / gaikindo.io
2022M08,monthly,2021.583333,DIESEL,6305,robbieandrew.github.io / gaikindo.io
2022M08,monthly,2021.583333,HEV,223,robbieandrew.github.io / gaikindo.io
2022M08,monthly,2021.583333,OTHER,42,robbieandrew.github.io / gaikindo.io
2022M08,monthly,2021.583333,PETROL,66393,robbieandrew.github.io / gaikindo.io
2022M08,monthly,2021.583333,PHEV,0,robbieandrew.github.io / gaikindo.io
2022M08,monthly,2021.583333,TOTAL,73984,robbieandrew.github.io / gaikindo.io
2022M09,monthly,2021.666667,BEV,2154,robbieandrew.github.io / gaikindo.io
2022M09,monthly,2021.666667,DIESEL,6380,robbieandrew.github.io / gaikindo.io
2022M09,monthly,2021.666667,HEV,183,robbieandrew.github.io / gaikindo.io
2022M09,monthly,2021.666667,OTHER,33,robbieandrew.github.io / gaikindo.io
2022M09,monthly,2021.666667,PETROL,68314,robbieandrew.github.io / gaikindo.io
2022M09,monthly,2021.666667,PHEV,0,robbieandrew.github.io / gaikindo.io
2022M09,monthly,2021.666667,TOTAL,77064,robbieandrew.github.io / gaikindo.io
2022M10,monthly,2021.75,BEV,2157,robbieandrew.github.io / gaikindo.io
2022M10,monthly,2021.75,DIESEL,5761,robbieandrew.github.io / gaikindo.io
2022M10,monthly,2021.75,HEV,159,robbieandrew.github.io / gaikindo.io
2022M10,monthly,2021.75,OTHER,27,robbieandrew.github.io / gaikindo.io
2022M10,monthly,2021.75,PETROL,63658,robbieandrew.github.io / gaikindo.io
2022M10,monthly,2021.75,PHEV,0,robbieandrew.github.io / gaikindo.io
2022M10,monthly,2021.75,TOTAL,71762,robbieandrew.github.io / gaikindo.io
2022M11,monthly,2021.833333,BEV,1965,robbieandrew.github.io / gaikindo.io
2022M11,monthly,2021.833333,DIESEL,4441,robbieandrew.github.io / gaikindo.io
2022M11,monthly,2021.833333,HEV,829,robbieandrew.github.io / gaikindo.io
2022M11,monthly,2021.833333,OTHER,54,robbieandrew.github.io / gaikindo.io
2022M11,monthly,2021.833333,PETROL,60442,robbieandrew.github.io / gaikindo.io
2022M11,monthly,2021.833333,PHEV,0,robbieandrew.github.io / gaikindo.io
2022M11,monthly,2021.833333,TOTAL,67731,robbieandrew.github.io / gaikindo.io
2022M12,monthly,2021.916667,BEV,2404,robbieandrew.github.io / gaikindo.io
2022M12,monthly,2021.916667,DIESEL,3098,robbieandrew.github.io / gaikindo.io
2022M12,monthly,2021.916667,HEV,2289,robbieandrew.github.io / gaikindo.io
2022M12,monthly,2021.916667,OTHER,9,robbieandrew.github.io / gaikindo.io
2022M12,monthly,2021.916667,PETROL,64777,robbieandrew.github.io / gaikindo.io
2022M12,monthly,2021.916667,PHEV,0,robbieandrew.github.io / gaikindo.io
2022M12,monthly,2021.916667,TOTAL,72577,robbieandrew.github.io / gaikindo.io
2023M01,monthly,2022,BEV,298,robbieandrew.github.io / gaikindo.io
2023M01,monthly,2022,DIESEL,3356,robbieandrew.github.io / gaikindo.io
2023M01,monthly,2022,HEV,2278,robbieandrew.github.io / gaikindo.io
2023M01,monthly,2022,OTHER,12,robbieandrew.github.io / gaikindo.io
2023M01,monthly,2022,PETROL,64275,robbieandrew.github.io / gaikindo.io
2023M01,monthly,2022,PHEV,0,robbieandrew.github.io / gaikindo.io
2023M01,monthly,2022,TOTAL,70219,robbieandrew.github.io / gaikindo.io
2023M02,monthly,2022.083333,BEV,391,robbieandrew.github.io / gaikindo.io
2023M02,monthly,2022.083333,DIESEL,4101,robbieandrew.github.io / gaikindo.io
2023M02,monthly,2022.083333,HEV,1971,robbieandrew.github.io / gaikindo.io
2023M02,monthly,2022.083333,OTHER,3,robbieandrew.github.io / gaikindo.io
2023M02,monthly,2022.083333,PETROL,57101,robbieandrew.github.io / gaikindo.io
2023M02,monthly,2022.083333,PHEV,3,robbieandrew.github.io / gaikindo.io
2023M02,monthly,2022.083333,TOTAL,63570,robbieandrew.github.io / gaikindo.io
2023M03,monthly,2022.166667,BEV,1107,robbieandrew.github.io / gaikindo.io
2023M03,monthly,2022.166667,DIESEL,4820,robbieandrew.github.io / gaikindo.io
2023M03,monthly,2022.166667,HEV,2163,robbieandrew.github.io / gaikindo.io
2023M03,monthly,2022.166667,OTHER,24,robbieandrew.github.io / gaikindo.io
2023M03,monthly,2022.166667,PETROL,69594,robbieandrew.github.io / gaikindo.io
2023M03,monthly,2022.166667,PHEV,4,robbieandrew.github.io / gaikindo.io
2023M03,monthly,2022.166667,TOTAL,77712,robbieandrew.github.io / gaikindo.io
2023M04,monthly,2022.25,BEV,1284,robbieandrew.github.io / gaikindo.io
2023M04,monthly,2022.25,DIESEL,3819,robbieandrew.github.io / gaikindo.io
2023M04,monthly,2022.25,HEV,2868,robbieandrew.github.io / gaikindo.io
2023M04,monthly,2022.25,OTHER,7,robbieandrew.github.io / gaikindo.io
2023M04,monthly,2022.25,PETROL,37689,robbieandrew.github.io / gaikindo.io
2023M04,monthly,2022.25,PHEV,2,robbieandrew.github.io / gaikindo.io
2023M04,monthly,2022.25,TOTAL,45669,robbieandrew.github.io / gaikindo.io
2023M05,monthly,2022.333333,BEV,1561,robbieandrew.github.io / gaikindo.io
2023M05,monthly,2022.333333,DIESEL,4233,robbieandrew.github.io / gaikindo.io
2023M05,monthly,2022.333333,HEV,2833,robbieandrew.github.io / gaikindo.io
2023M05,monthly,2022.333333,OTHER,29,robbieandrew.github.io / gaikindo.io
2023M05,monthly,2022.333333,PETROL,54442,robbieandrew.github.io / gaikindo.io
2023M05,monthly,2022.333333,PHEV,6,robbieandrew.github.io / gaikindo.io
2023M05,monthly,2022.333333,TOTAL,63104,robbieandrew.github.io / gaikindo.io
2023M06,monthly,2022.416667,BEV,1205,robbieandrew.github.io / gaikindo.io
2023M06,monthly,2022.416667,DIESEL,2879,robbieandrew.github.io / gaikindo.io
2023M06,monthly,2022.416667,HEV,4456,robbieandrew.github.io / gaikindo.io
2023M06,monthly,2022.416667,OTHER,42,robbieandrew.github.io / gaikindo.io
2023M06,monthly,2022.416667,PETROL,55358,robbieandrew.github.io / gaikindo.io
2023M06,monthly,2022.416667,PHEV,9,robbieandrew.github.io / gaikindo.io
2023M06,monthly,2022.416667,TOTAL,63949,robbieandrew.github.io / gaikindo.io
2023M07,monthly,2022.5,BEV,1074,robbieandrew.github.io / gaikindo.io
2023M07,monthly,2022.5,DIESEL,4807,robbieandrew.github.io / gaikindo.io
2023M07,monthly,2022.5,HEV,5630,robbieandrew.github.io / gaikindo.io
2023M07,monthly,2022.5,OTHER,6,robbieandrew.github.io / gaikindo.io
2023M07,monthly,2022.5,PETROL,51831,robbieandrew.github.io / gaikindo.io
2023M07,monthly,2022.5,PHEV,13,robbieandrew.github.io / gaikindo.io
2023M07,monthly,2022.5,TOTAL,63361,robbieandrew.github.io / gaikindo.io
2023M08,monthly,2022.583333,BEV,1331,robbieandrew.github.io / gaikindo.io
2023M08,monthly,2022.583333,DIESEL,4658,robbieandrew.github.io / gaikindo.io
2023M08,monthly,2022.583333,HEV,6937,robbieandrew.github.io / gaikindo.io
2023M08,monthly,2022.583333,OTHER,5,robbieandrew.github.io / gaikindo.io
2023M08,monthly,2022.583333,PETROL,56166,robbieandrew.github.io / gaikindo.io
2023M08,monthly,2022.583333,PHEV,21,robbieandrew.github.io / gaikindo.io
2023M08,monthly,2022.583333,TOTAL,69118,robbieandrew.github.io / gaikindo.io
2023M09,monthly,2022.666667,BEV,1926,robbieandrew.github.io / gaikindo.io
2023M09,monthly,2022.666667,DIESEL,4294,robbieandrew.github.io / gaikindo.io
2023M09,monthly,2022.666667,HEV,4884,robbieandrew.github.io / gaikindo.io
2023M09,monthly,2022.666667,OTHER,24,robbieandrew.github.io / gaikindo.io
2023M09,monthly,2022.666667,PETROL,50608,robbieandrew.github.io / gaikindo.io
2023M09,monthly,2022.666667,PHEV,7,robbieandrew.github.io / gaikindo.io
2023M09,monthly,2022.666667,TOTAL,61743,robbieandrew.github.io / gaikindo.io
2023M10,monthly,2022.75,BEV,1737,robbieandrew.github.io / gaikindo.io
2023M10,monthly,2022.75,DIESEL,4568,robbieandrew.github.io / gaikindo.io
2023M10,monthly,2022.75,HEV,5947,robbieandrew.github.io / gaikindo.io
2023M10,monthly,2022.75,OTHER,31,robbieandrew.github.io / gaikindo.io
2023M10,monthly,2022.75,PETROL,51554,robbieandrew.github.io / gaikindo.io
2023M10,monthly,2022.75,PHEV,2,robbieandrew.github.io / gaikindo.io
2023M10,monthly,2022.75,TOTAL,63839,robbieandrew.github.io / gaikindo.io
2023M11,monthly,2022.833333,BEV,1942,robbieandrew.github.io / gaikindo.io
2023M11,monthly,2022.833333,DIESEL,6741,robbieandrew.github.io / gaikindo.io
2023M11,monthly,2022.833333,HEV,6241,robbieandrew.github.io / gaikindo.io
2023M11,monthly,2022.833333,OTHER,20,robbieandrew.github.io / gaikindo.io
2023M11,monthly,2022.833333,PETROL,53107,robbieandrew.github.io / gaikindo.io
2023M11,monthly,2022.833333,PHEV,2,robbieandrew.github.io / gaikindo.io
2023M11,monthly,2022.833333,TOTAL,68053,robbieandrew.github.io / gaikindo.io
2023M12,monthly,2022.916667,BEV,3206,robbieandrew.github.io / gaikindo.io
2023M12,monthly,2022.916667,DIESEL,7670,robbieandrew.github.io / gaikindo.io
2023M12,monthly,2022.916667,HEV,6226,robbieandrew.github.io / gaikindo.io
2023M12,monthly,2022.916667,OTHER,9,robbieandrew.github.io / gaikindo.io
2023M12,monthly,2022.916667,PETROL,51878,robbieandrew.github.io / gaikindo.io
2023M12,monthly,2022.916667,PHEV,1,robbieandrew.github.io / gaikindo.io
2023M12,monthly,2022.916667,TOTAL,68990,robbieandrew.github.io / gaikindo.io
2024M01,monthly,2023,BEV,2336,robbieandrew.github.io / gaikindo.io
2024M01,monthly,2023,DIESEL,4139,robbieandrew.github.io / gaikindo.io
2024M01,monthly,2023,HEV,4812,robbieandrew.github.io / gaikindo.io
2024M01,monthly,2023,OTHER,9,robbieandrew.github.io / gaikindo.io
2024M01,monthly,2023,PETROL,44787,robbieandrew.github.io / gaikindo.io
2024M01,monthly,2023,PHEV,9,robbieandrew.github.io / gaikindo.io
2024M01,monthly,2023,TOTAL,56092,robbieandrew.github.io / gaikindo.io
2024M02,monthly,2023.083333,BEV,1445,robbieandrew.github.io / gaikindo.io
2024M02,monthly,2023.083333,DIESEL,3722,robbieandrew.github.io / gaikindo.io
2024M02,monthly,2023.083333,HEV,3542,robbieandrew.github.io / gaikindo.io
2024M02,monthly,2023.083333,OTHER,17,robbieandrew.github.io / gaikindo.io
2024M02,monthly,2023.083333,PETROL,47629,robbieandrew.github.io / gaikindo.io
2024M02,monthly,2023.083333,PHEV,11,robbieandrew.github.io / gaikindo.io
2024M02,monthly,2023.083333,TOTAL,56366,robbieandrew.github.io / gaikindo.io
2024M03,monthly,2023.166667,BEV,2143,robbieandrew.github.io / gaikindo.io
2024M03,monthly,2023.166667,DIESEL,4701,robbieandrew.github.io / gaikindo.io
2024M03,monthly,2023.166667,HEV,4883,robbieandrew.github.io / gaikindo.io
2024M03,monthly,2023.166667,OTHER,12,robbieandrew.github.io / gaikindo.io
2024M03,monthly,2023.166667,PETROL,46341,robbieandrew.github.io / gaikindo.io
2024M03,monthly,2023.166667,PHEV,9,robbieandrew.github.io / gaikindo.io
2024M03,monthly,2023.166667,TOTAL,58089,robbieandrew.github.io / gaikindo.io
2024M04,monthly,2023.25,BEV,1835,robbieandrew.github.io / gaikindo.io
2024M04,monthly,2023.25,DIESEL,2107,robbieandrew.github.io / gaikindo.io
2024M04,monthly,2023.25,HEV,3422,robbieandrew.github.io / gaikindo.io
2024M04,monthly,2023.25,OTHER,16,robbieandrew.github.io / gaikindo.io
2024M04,monthly,2023.25,PETROL,29640,robbieandrew.github.io / gaikindo.io
2024M04,monthly,2023.25,PHEV,3,robbieandrew.github.io / gaikindo.io
2024M04,monthly,2023.25,TOTAL,37023,robbieandrew.github.io / gaikindo.io
2024M05,monthly,2023.333333,BEV,1988,robbieandrew.github.io / gaikindo.io
2024M05,monthly,2023.333333,DIESEL,5572,robbieandrew.github.io / gaikindo.io
2024M05,monthly,2023.333333,HEV,4054,robbieandrew.github.io / gaikindo.io
2024M05,monthly,2023.333333,OTHER,30,robbieandrew.github.io / gaikindo.io
2024M05,monthly,2023.333333,PETROL,43427,robbieandrew.github.io / gaikindo.io
2024M05,monthly,2023.333333,PHEV,7,robbieandrew.github.io / gaikindo.io
2024M05,monthly,2023.333333,TOTAL,55078,robbieandrew.github.io / gaikindo.io
2024M06,monthly,2023.416667,BEV,3813,robbieandrew.github.io / gaikindo.io
2024M06,monthly,2023.416667,DIESEL,5271,robbieandrew.github.io / gaikindo.io
2024M06,monthly,2023.416667,HEV,4057,robbieandrew.github.io / gaikindo.io
2024M06,monthly,2023.416667,OTHER,12,robbieandrew.github.io / gaikindo.io
2024M06,monthly,2023.416667,PETROL,43659,robbieandrew.github.io / gaikindo.io
2024M06,monthly,2023.416667,PHEV,2,robbieandrew.github.io / gaikindo.io
2024M06,monthly,2023.416667,TOTAL,56814,robbieandrew.github.io / gaikindo.io
2024M07,monthly,2023.5,BEV,4328,robbieandrew.github.io / gaikindo.io
2024M07,monthly,2023.5,DIESEL,4711,robbieandrew.github.io / gaikindo.io
2024M07,monthly,2023.5,HEV,4947,robbieandrew.github.io / gaikindo.io
2024M07,monthly,2023.5,OTHER,20,robbieandrew.github.io / gaikindo.io
2024M07,monthly,2023.5,PETROL,42816,robbieandrew.github.io / gaikindo.io
2024M07,monthly,2023.5,PHEV,5,robbieandrew.github.io / gaikindo.io
2024M07,monthly,2023.5,TOTAL,56827,robbieandrew.github.io / gaikindo.io
2024M08,monthly,2023.583333,BEV,5330,robbieandrew.github.io / gaikindo.io
2024M08,monthly,2023.583333,DIESEL,4478,robbieandrew.github.io / gaikindo.io
2024M08,monthly,2023.583333,HEV,5499,robbieandrew.github.io / gaikindo.io
2024M08,monthly,2023.583333,OTHER,31,robbieandrew.github.io / gaikindo.io
2024M08,monthly,2023.583333,PETROL,44184,robbieandrew.github.io / gaikindo.io
2024M08,monthly,2023.583333,PHEV,10,robbieandrew.github.io / gaikindo.io
2024M08,monthly,2023.583333,TOTAL,59532,robbieandrew.github.io / gaikindo.io
2024M09,monthly,2023.666667,BEV,4772,robbieandrew.github.io / gaikindo.io
2024M09,monthly,2023.666667,DIESEL,5411,robbieandrew.github.io / gaikindo.io
2024M09,monthly,2023.666667,HEV,5486,robbieandrew.github.io / gaikindo.io
2024M09,monthly,2023.666667,OTHER,21,robbieandrew.github.io / gaikindo.io
2024M09,monthly,2023.666667,PETROL,42040,robbieandrew.github.io / gaikindo.io
2024M09,monthly,2023.666667,PHEV,7,robbieandrew.github.io / gaikindo.io
2024M09,monthly,2023.666667,TOTAL,57737,robbieandrew.github.io / gaikindo.io
2024M10,monthly,2023.75,BEV,4732,robbieandrew.github.io / gaikindo.io
2024M10,monthly,2023.75,DIESEL,4651,robbieandrew.github.io / gaikindo.io
2024M10,monthly,2023.75,HEV,5299,robbieandrew.github.io / gaikindo.io
2024M10,monthly,2023.75,OTHER,17,robbieandrew.github.io / gaikindo.io
2024M10,monthly,2023.75,PETROL,45158,robbieandrew.github.io / gaikindo.io
2024M10,monthly,2023.75,PHEV,1,robbieandrew.github.io / gaikindo.io
2024M10,monthly,2023.75,TOTAL,59858,robbieandrew.github.io / gaikindo.io
2024M11,monthly,2023.833333,BEV,6027,robbieandrew.github.io / gaikindo.io
2024M11,monthly,2023.833333,DIESEL,5288,robbieandrew.github.io / gaikindo.io
2024M11,monthly,2023.833333,HEV,5269,robbieandrew.github.io / gaikindo.io
2024M11,monthly,2023.833333,OTHER,74,robbieandrew.github.io / gaikindo.io
2024M11,monthly,2023.833333,PETROL,41457,robbieandrew.github.io / gaikindo.io
2024M11,monthly,2023.833333,PHEV,4,robbieandrew.github.io / gaikindo.io
2024M11,monthly,2023.833333,TOTAL,58119,robbieandrew.github.io / gaikindo.io
2024M12,monthly,2023.916667,BEV,4515,robbieandrew.github.io / gaikindo.io
2024M12,monthly,2023.916667,DIESEL,5032,robbieandrew.github.io / gaikindo.io
2024M12,monthly,2023.916667,HEV,5414,robbieandrew.github.io / gaikindo.io
2024M12,monthly,2023.916667,OTHER,57,robbieandrew.github.io / gaikindo.io
2024M12,monthly,2023.916667,PETROL,46497,robbieandrew.github.io / gaikindo.io
2024M12,monthly,2023.916667,PHEV,2,robbieandrew.github.io / gaikindo.io
2024M12,monthly,2023.916667,TOTAL,61517,robbieandrew.github.io / gaikindo.io
2025M01,monthly,2024,BEV,2517,robbieandrew.github.io / gaikindo.io
2025M01,monthly,2024,DIESEL,4903,robbieandrew.github.io / gaikindo.io
2025M01,monthly,2024,HEV,4206,robbieandrew.github.io / gaikindo.io
2025M01,monthly,2024,OTHER,1,robbieandrew.github.io / gaikindo.io
2025M01,monthly,2024,PETROL,36605,robbieandrew.github.io / gaikindo.io
2025M01,monthly,2024,PHEV,14,robbieandrew.github.io / gaikindo.io
2025M01,monthly,2024,TOTAL,48246,robbieandrew.github.io / gaikindo.io
2025M02,monthly,2024.083333,BEV,5183,robbieandrew.github.io / gaikindo.io
2025M02,monthly,2024.083333,DIESEL,5569,robbieandrew.github.io / gaikindo.io
2025M02,monthly,2024.083333,HEV,4457,robbieandrew.github.io / gaikindo.io
2025M02,monthly,2024.083333,OTHER,5,robbieandrew.github.io / gaikindo.io
2025M02,monthly,2024.083333,PETROL,41402,robbieandrew.github.io / gaikindo.io
2025M02,monthly,2024.083333,PHEV,14,robbieandrew.github.io / gaikindo.io
2025M02,monthly,2024.083333,TOTAL,56630,robbieandrew.github.io / gaikindo.io
2025M03,monthly,2024.166667,BEV,8850,robbieandrew.github.io / gaikindo.io
2025M03,monthly,2024.166667,DIESEL,4714,robbieandrew.github.io / gaikindo.io
2025M03,monthly,2024.166667,HEV,5122,robbieandrew.github.io / gaikindo.io
2025M03,monthly,2024.166667,OTHER,9,robbieandrew.github.io / gaikindo.io
2025M03,monthly,2024.166667,PETROL,38806,robbieandrew.github.io / gaikindo.io
2025M03,monthly,2024.166667,PHEV,14,robbieandrew.github.io / gaikindo.io
2025M03,monthly,2024.166667,TOTAL,57515,robbieandrew.github.io / gaikindo.io
2025M04,monthly,2024.25,BEV,7402,robbieandrew.github.io / gaikindo.io
2025M04,monthly,2024.25,DIESEL,4122,robbieandrew.github.io / gaikindo.io
2025M04,monthly,2024.25,HEV,4415,robbieandrew.github.io / gaikindo.io
2025M04,monthly,2024.25,OTHER,9,robbieandrew.github.io / gaikindo.io
2025M04,monthly,2024.25,PETROL,24347,robbieandrew.github.io / gaikindo.io
2025M04,monthly,2024.25,PHEV,38,robbieandrew.github.io / gaikindo.io
2025M04,monthly,2024.25,TOTAL,40333,robbieandrew.github.io / gaikindo.io
2025M05,monthly,2024.333333,BEV,6573,robbieandrew.github.io / gaikindo.io
2025M05,monthly,2024.333333,DIESEL,4680,robbieandrew.github.io / gaikindo.io
2025M05,monthly,2024.333333,HEV,4124,robbieandrew.github.io / gaikindo.io
2025M05,monthly,2024.333333,OTHER,62,robbieandrew.github.io / gaikindo.io
2025M05,monthly,2024.333333,PETROL,31759,robbieandrew.github.io / gaikindo.io
2025M05,monthly,2024.333333,PHEV,407,robbieandrew.github.io / gaikindo.io
2025M05,monthly,2024.333333,TOTAL,47605,robbieandrew.github.io / gaikindo.io
2025M06,monthly,2024.416667,BEV,6808,robbieandrew.github.io / gaikindo.io
2025M06,monthly,2024.416667,DIESEL,4654,robbieandrew.github.io / gaikindo.io
2025M06,monthly,2024.416667,HEV,5722,robbieandrew.github.io / gaikindo.io
2025M06,monthly,2024.416667,OTHER,39,robbieandrew.github.io / gaikindo.io
2025M06,monthly,2024.416667,PETROL,25911,robbieandrew.github.io / gaikindo.io
2025M06,monthly,2024.416667,PHEV,1232,robbieandrew.github.io / gaikindo.io
2025M06,monthly,2024.416667,TOTAL,44366,robbieandrew.github.io / gaikindo.io
2025M07,monthly,2024.5,BEV,5861,robbieandrew.github.io / gaikindo.io
2025M07,monthly,2024.5,DIESEL,4698,robbieandrew.github.io / gaikindo.io
2025M07,monthly,2024.5,HEV,5968,robbieandrew.github.io / gaikindo.io
2025M07,monthly,2024.5,OTHER,15,robbieandrew.github.io / gaikindo.io
2025M07,monthly,2024.5,PETROL,29040,robbieandrew.github.io / gaikindo.io
2025M07,monthly,2024.5,PHEV,339,robbieandrew.github.io / gaikindo.io
2025M07,monthly,2024.5,TOTAL,45921,robbieandrew.github.io / gaikindo.io
2025M08,monthly,2024.583333,BEV,6343,robbieandrew.github.io / gaikindo.io
2025M08,monthly,2024.583333,DIESEL,4382,robbieandrew.github.io / gaikindo.io
2025M08,monthly,2024.583333,HEV,5227,robbieandrew.github.io / gaikindo.io
2025M08,monthly,2024.583333,OTHER,36,robbieandrew.github.io / gaikindo.io
2025M08,monthly,2024.583333,PETROL,28281,robbieandrew.github.io / gaikindo.io
2025M08,monthly,2024.583333,PHEV,685,robbieandrew.github.io / gaikindo.io
2025M08,monthly,2024.583333,TOTAL,44954,robbieandrew.github.io / gaikindo.io
2025M09,monthly,2024.666667,BEV,4110,robbieandrew.github.io / gaikindo.io
2025M09,monthly,2024.666667,DIESEL,5465,robbieandrew.github.io / gaikindo.io
2025M09,monthly,2024.666667,HEV,5901,robbieandrew.github.io / gaikindo.io
2025M09,monthly,2024.666667,OTHER,11,robbieandrew.github.io / gaikindo.io
2025M09,monthly,2024.666667,PETROL,29182,robbieandrew.github.io / gaikindo.io
2025M09,monthly,2024.666667,PHEV,542,robbieandrew.github.io / gaikindo.io
2025M09,monthly,2024.666667,TOTAL,45211,robbieandrew.github.io / gaikindo.io
2025M10,monthly,2024.75,BEV,13899,robbieandrew.github.io / gaikindo.io
2025M10,monthly,2024.75,DIESEL,4597,robbieandrew.github.io / gaikindo.io
2025M10,monthly,2024.75,HEV,5132,robbieandrew.github.io / gaikindo.io
2025M10,monthly,2024.75,OTHER,4,robbieandrew.github.io / gaikindo.io
2025M10,monthly,2024.75,PETROL,31170,robbieandrew.github.io / gaikindo.io
2025M10,monthly,2024.75,PHEV,481,robbieandrew.github.io / gaikindo.io
2025M10,monthly,2024.75,TOTAL,55283,robbieandrew.github.io / gaikindo.io
2025M11,monthly,2024.833333,BEV,13352,robbieandrew.github.io / gaikindo.io
2025M11,monthly,2024.833333,DIESEL,4463,robbieandrew.github.io / gaikindo.io
2025M11,monthly,2024.833333,HEV,5775,robbieandrew.github.io / gaikindo.io
2025M11,monthly,2024.833333,OTHER,3,robbieandrew.github.io / gaikindo.io
2025M11,monthly,2024.833333,PETROL,30728,robbieandrew.github.io / gaikindo.io
2025M11,monthly,2024.833333,PHEV,420,robbieandrew.github.io / gaikindo.io
2025M11,monthly,2024.833333,TOTAL,54741,robbieandrew.github.io / gaikindo.io
2025M12,monthly,2024.916667,BEV,21819,robbieandrew.github.io / gaikindo.io
2025M12,monthly,2024.916667,DIESEL,6388,robbieandrew.github.io / gaikindo.io
2025M12,monthly,2024.916667,HEV,8622,robbieandrew.github.io / gaikindo.io
2025M12,monthly,2024.916667,OTHER,1,robbieandrew.github.io / gaikindo.io
2025M12,monthly,2024.916667,PETROL,23858,robbieandrew.github.io / gaikindo.io
2025M12,monthly,2024.916667,PHEV,1049,robbieandrew.github.io / gaikindo.io
2025M12,monthly,2024.916667,TOTAL,61737,robbieandrew.github.io / gaikindo.io
2026M01,monthly,2025,BEV,10211,robbieandrew.github.io / gaikindo.io
2026M01,monthly,2025,DIESEL,4970,robbieandrew.github.io / gaikindo.io
2026M01,monthly,2025,HEV,4159,robbieandrew.github.io / gaikindo.io
2026M01,monthly,2025,OTHER,3,robbieandrew.github.io / gaikindo.io
2026M01,monthly,2025,PETROL,30798,robbieandrew.github.io / gaikindo.io
2026M01,monthly,2025,PHEV,502,robbieandrew.github.io / gaikindo.io
2026M01,monthly,2025,TOTAL,50643,robbieandrew.github.io / gaikindo.io
2026M02,monthly,2025.083333,BEV,12272,robbieandrew.github.io / gaikindo.io
2026M02,monthly,2025.083333,DIESEL,6710,robbieandrew.github.io / gaikindo.io
2026M02,monthly,2025.083333,HEV,5770,robbieandrew.github.io / gaikindo.io
2026M02,monthly,2025.083333,OTHER,11,robbieandrew.github.io / gaikindo.io
2026M02,monthly,2025.083333,PETROL,34274,robbieandrew.github.io / gaikindo.io
2026M02,monthly,2025.083333,PHEV,662,robbieandrew.github.io / gaikindo.io
2026M02,monthly,2025.083333,TOTAL,59699,robbieandrew.github.io / gaikindo.io
2026M03,monthly,2025.166667,BEV,10558,robbieandrew.github.io / gaikindo.io
2026M03,monthly,2025.166667,DIESEL,3488,robbieandrew.github.io / gaikindo.io
2026M03,monthly,2025.166667,HEV,6936,robbieandrew.github.io / gaikindo.io
2026M03,monthly,2025.166667,OTHER,6,robbieandrew.github.io / gaikindo.io
2026M03,monthly,2025.166667,PETROL,25131,robbieandrew.github.io / gaikindo.io
2026M03,monthly,2025.166667,PHEV,347,robbieandrew.github.io / gaikindo.io
2026M03,monthly,2025.166667,TOTAL,46466,robbieandrew.github.io / gaikindo.io
