period,time_interval,variant,source,BEV,PHEV,HEV,PETROL,DIESEL,FLEXFUEL,OTHERS,TOTAL,notes
2018-01,monthly,HDV,duurzamemobiliteit.databank.nl (RDW),0.0,0.0,,0.0,1696.0,,9.0,1705.0,workspace_guid=992eb09a-0828-4ef9-97b4-1577ebba3a21
2018-02,monthly,HDV,duurzamemobiliteit.databank.nl (RDW),2.0,1.0,,0.0,1513.0,,12.0,1528.0,workspace_guid=992eb09a-0828-4ef9-97b4-1577ebba3a21
2018-03,monthly,HDV,duurzamemobiliteit.databank.nl (RDW),3.0,0.0,,0.0,1668.0,,12.0,1683.0,workspace_guid=992eb09a-0828-4ef9-97b4-1577ebba3a21
2018-04,monthly,HDV,duurzamemobiliteit.databank.nl (RDW),2.0,0.0,,0.0,1342.0,,4.0,1348.0,workspace_guid=992eb09a-0828-4ef9-97b4-1577ebba3a21
2018-05,monthly,HDV,duurzamemobiliteit.databank.nl (RDW),11.0,0.0,,0.0,1413.0,,32.0,1456.0,workspace_guid=992eb09a-0828-4ef9-97b4-1577ebba3a21
2018-06,monthly,HDV,duurzamemobiliteit.databank.nl (RDW),0.0,2.0,,0.0,1286.0,,16.0,1304.0,workspace_guid=992eb09a-0828-4ef9-97b4-1577ebba3a21
2018-07,monthly,HDV,duurzamemobiliteit.databank.nl (RDW),0.0,0.0,,0.0,1212.0,,18.0,1230.0,workspace_guid=992eb09a-0828-4ef9-97b4-1577ebba3a21
2018-08,monthly,HDV,duurzamemobiliteit.databank.nl (RDW),4.0,0.0,,0.0,960.0,,16.0,980.0,workspace_guid=992eb09a-0828-4ef9-97b4-1577ebba3a21
2018-09,monthly,HDV,duurzamemobiliteit.databank.nl (RDW),1.0,0.0,,0.0,1156.0,,9.0,1166.0,workspace_guid=992eb09a-0828-4ef9-97b4-1577ebba3a21
2018-10,monthly,HDV,duurzamemobiliteit.databank.nl (RDW),0.0,0.0,,0.0,1335.0,,36.0,1371.0,workspace_guid=992eb09a-0828-4ef9-97b4-1577ebba3a21
2018-11,monthly,HDV,duurzamemobiliteit.databank.nl (RDW),4.0,1.0,,0.0,1095.0,,17.0,1117.0,workspace_guid=992eb09a-0828-4ef9-97b4-1577ebba3a21
2018-12,monthly,HDV,duurzamemobiliteit.databank.nl (RDW),2.0,0.0,,0.0,716.0,,10.0,728.0,workspace_guid=992eb09a-0828-4ef9-97b4-1577ebba3a21
2019-01,monthly,HDV,duurzamemobiliteit.databank.nl (RDW),4.0,1.0,,1.0,1954.0,,41.0,2001.0,workspace_guid=992eb09a-0828-4ef9-97b4-1577ebba3a21
2019-02,monthly,HDV,duurzamemobiliteit.databank.nl (RDW),2.0,1.0,,0.0,1307.0,,29.0,1339.0,workspace_guid=992eb09a-0828-4ef9-97b4-1577ebba3a21
2019-03,monthly,HDV,duurzamemobiliteit.databank.nl (RDW),3.0,1.0,,0.0,1469.0,,36.0,1509.0,workspace_guid=992eb09a-0828-4ef9-97b4-1577ebba3a21
2019-04,monthly,HDV,duurzamemobiliteit.databank.nl (RDW),2.0,0.0,,0.0,1545.0,,24.0,1571.0,workspace_guid=992eb09a-0828-4ef9-97b4-1577ebba3a21
2019-05,monthly,HDV,duurzamemobiliteit.databank.nl (RDW),4.0,0.0,,1.0,1653.0,,21.0,1679.0,workspace_guid=992eb09a-0828-4ef9-97b4-1577ebba3a21
2019-06,monthly,HDV,duurzamemobiliteit.databank.nl (RDW),4.0,0.0,,0.0,1856.0,,27.0,1887.0,workspace_guid=992eb09a-0828-4ef9-97b4-1577ebba3a21
2019-07,monthly,HDV,duurzamemobiliteit.databank.nl (RDW),1.0,1.0,,0.0,693.0,,4.0,699.0,workspace_guid=992eb09a-0828-4ef9-97b4-1577ebba3a21
2019-08,monthly,HDV,duurzamemobiliteit.databank.nl (RDW),0.0,0.0,,0.0,837.0,,19.0,856.0,workspace_guid=992eb09a-0828-4ef9-97b4-1577ebba3a21
2019-09,monthly,HDV,duurzamemobiliteit.databank.nl (RDW),5.0,0.0,,0.0,973.0,,13.0,991.0,workspace_guid=992eb09a-0828-4ef9-97b4-1577ebba3a21
2019-10,monthly,HDV,duurzamemobiliteit.databank.nl (RDW),0.0,0.0,,0.0,1043.0,,10.0,1053.0,workspace_guid=992eb09a-0828-4ef9-97b4-1577ebba3a21
2019-11,monthly,HDV,duurzamemobiliteit.databank.nl (RDW),0.0,0.0,,0.0,811.0,,10.0,821.0,workspace_guid=992eb09a-0828-4ef9-97b4-1577ebba3a21
2019-12,monthly,HDV,duurzamemobiliteit.databank.nl (RDW),0.0,0.0,,0.0,597.0,,22.0,619.0,workspace_guid=992eb09a-0828-4ef9-97b4-1577ebba3a21
2020-01,monthly,HDV,duurzamemobiliteit.databank.nl (RDW),5.0,0.0,,0.0,1475.0,,23.0,1503.0,workspace_guid=992eb09a-0828-4ef9-97b4-1577ebba3a21
2020-02,monthly,HDV,duurzamemobiliteit.databank.nl (RDW),5.0,0.0,,0.0,1023.0,,14.0,1042.0,workspace_guid=992eb09a-0828-4ef9-97b4-1577ebba3a21
2020-03,monthly,HDV,duurzamemobiliteit.databank.nl (RDW),1.0,1.0,,0.0,1100.0,,33.0,1135.0,workspace_guid=992eb09a-0828-4ef9-97b4-1577ebba3a21
2020-04,monthly,HDV,duurzamemobiliteit.databank.nl (RDW),0.0,0.0,,0.0,740.0,,34.0,774.0,workspace_guid=992eb09a-0828-4ef9-97b4-1577ebba3a21
2020-05,monthly,HDV,duurzamemobiliteit.databank.nl (RDW),3.0,1.0,,0.0,543.0,,20.0,567.0,workspace_guid=992eb09a-0828-4ef9-97b4-1577ebba3a21
2020-06,monthly,HDV,duurzamemobiliteit.databank.nl (RDW),4.0,0.0,,0.0,642.0,,9.0,655.0,workspace_guid=992eb09a-0828-4ef9-97b4-1577ebba3a21
2020-07,monthly,HDV,duurzamemobiliteit.databank.nl (RDW),2.0,0.0,,0.0,685.0,,18.0,705.0,workspace_guid=992eb09a-0828-4ef9-97b4-1577ebba3a21
2020-08,monthly,HDV,duurzamemobiliteit.databank.nl (RDW),0.0,0.0,,1.0,643.0,,18.0,662.0,workspace_guid=992eb09a-0828-4ef9-97b4-1577ebba3a21
2020-09,monthly,HDV,duurzamemobiliteit.databank.nl (RDW),1.0,0.0,,2.0,921.0,,33.0,957.0,workspace_guid=992eb09a-0828-4ef9-97b4-1577ebba3a21
2020-10,monthly,HDV,duurzamemobiliteit.databank.nl (RDW),0.0,1.0,,0.0,897.0,,23.0,921.0,workspace_guid=992eb09a-0828-4ef9-97b4-1577ebba3a21
2020-11,monthly,HDV,duurzamemobiliteit.databank.nl (RDW),2.0,0.0,,0.0,736.0,,34.0,772.0,workspace_guid=992eb09a-0828-4ef9-97b4-1577ebba3a21
2020-12,monthly,HDV,duurzamemobiliteit.databank.nl (RDW),5.0,0.0,,0.0,507.0,,28.0,540.0,workspace_guid=992eb09a-0828-4ef9-97b4-1577ebba3a21
2021-01,monthly,HDV,duurzamemobiliteit.databank.nl (RDW),6.0,0.0,,0.0,1282.0,,52.0,1340.0,workspace_guid=992eb09a-0828-4ef9-97b4-1577ebba3a21
2021-02,monthly,HDV,duurzamemobiliteit.databank.nl (RDW),3.0,0.0,,0.0,944.0,,55.0,1002.0,workspace_guid=992eb09a-0828-4ef9-97b4-1577ebba3a21
2021-03,monthly,HDV,duurzamemobiliteit.databank.nl (RDW),2.0,1.0,,0.0,1137.0,,55.0,1195.0,workspace_guid=992eb09a-0828-4ef9-97b4-1577ebba3a21
2021-04,monthly,HDV,duurzamemobiliteit.databank.nl (RDW),2.0,0.0,,0.0,990.0,,56.0,1048.0,workspace_guid=992eb09a-0828-4ef9-97b4-1577ebba3a21
2021-05,monthly,HDV,duurzamemobiliteit.databank.nl (RDW),4.0,1.0,,0.0,900.0,,53.0,958.0,workspace_guid=992eb09a-0828-4ef9-97b4-1577ebba3a21
2021-06,monthly,HDV,duurzamemobiliteit.databank.nl (RDW),5.0,0.0,,1.0,998.0,,54.0,1058.0,workspace_guid=992eb09a-0828-4ef9-97b4-1577ebba3a21
2021-07,monthly,HDV,duurzamemobiliteit.databank.nl (RDW),3.0,2.0,,0.0,915.0,,32.0,952.0,workspace_guid=992eb09a-0828-4ef9-97b4-1577ebba3a21
2021-08,monthly,HDV,duurzamemobiliteit.databank.nl (RDW),6.0,0.0,,0.0,580.0,,23.0,609.0,workspace_guid=992eb09a-0828-4ef9-97b4-1577ebba3a21
2021-09,monthly,HDV,duurzamemobiliteit.databank.nl (RDW),12.0,0.0,,0.0,781.0,,20.0,813.0,workspace_guid=992eb09a-0828-4ef9-97b4-1577ebba3a21
2021-10,monthly,HDV,duurzamemobiliteit.databank.nl (RDW),7.0,0.0,,0.0,890.0,,20.0,917.0,workspace_guid=992eb09a-0828-4ef9-97b4-1577ebba3a21
2021-11,monthly,HDV,duurzamemobiliteit.databank.nl (RDW),5.0,0.0,,0.0,904.0,,38.0,947.0,workspace_guid=992eb09a-0828-4ef9-97b4-1577ebba3a21
2021-12,monthly,HDV,duurzamemobiliteit.databank.nl (RDW),10.0,2.0,,0.0,587.0,,19.0,618.0,workspace_guid=992eb09a-0828-4ef9-97b4-1577ebba3a21
2022-01,monthly,HDV,duurzamemobiliteit.databank.nl (RDW),4.0,1.0,,0.0,1367.0,,56.0,1428.0,workspace_guid=992eb09a-0828-4ef9-97b4-1577ebba3a21
2022-02,monthly,HDV,duurzamemobiliteit.databank.nl (RDW),1.0,0.0,,0.0,905.0,,32.0,938.0,workspace_guid=992eb09a-0828-4ef9-97b4-1577ebba3a21
2022-03,monthly,HDV,duurzamemobiliteit.databank.nl (RDW),7.0,1.0,,1.0,1299.0,,23.0,1331.0,workspace_guid=992eb09a-0828-4ef9-97b4-1577ebba3a21
2022-04,monthly,HDV,duurzamemobiliteit.databank.nl (RDW),4.0,0.0,,0.0,1010.0,,25.0,1039.0,workspace_guid=992eb09a-0828-4ef9-97b4-1577ebba3a21
2022-05,monthly,HDV,duurzamemobiliteit.databank.nl (RDW),7.0,3.0,,0.0,1035.0,,16.0,1061.0,workspace_guid=992eb09a-0828-4ef9-97b4-1577ebba3a21
2022-06,monthly,HDV,duurzamemobiliteit.databank.nl (RDW),9.0,0.0,,0.0,1124.0,,26.0,1159.0,workspace_guid=992eb09a-0828-4ef9-97b4-1577ebba3a21
2022-07,monthly,HDV,duurzamemobiliteit.databank.nl (RDW),11.0,1.0,,0.0,934.0,,15.0,961.0,workspace_guid=992eb09a-0828-4ef9-97b4-1577ebba3a21
2022-08,monthly,HDV,duurzamemobiliteit.databank.nl (RDW),12.0,0.0,,0.0,759.0,,10.0,781.0,workspace_guid=992eb09a-0828-4ef9-97b4-1577ebba3a21
2022-09,monthly,HDV,duurzamemobiliteit.databank.nl (RDW),9.0,1.0,,0.0,1068.0,,4.0,1082.0,workspace_guid=992eb09a-0828-4ef9-97b4-1577ebba3a21
2022-10,monthly,HDV,duurzamemobiliteit.databank.nl (RDW),10.0,1.0,,0.0,1177.0,,10.0,1198.0,workspace_guid=992eb09a-0828-4ef9-97b4-1577ebba3a21
2022-11,monthly,HDV,duurzamemobiliteit.databank.nl (RDW),18.0,0.0,,0.0,1241.0,,6.0,1265.0,workspace_guid=992eb09a-0828-4ef9-97b4-1577ebba3a21
2022-12,monthly,HDV,duurzamemobiliteit.databank.nl (RDW),9.0,0.0,,0.0,567.0,,8.0,584.0,workspace_guid=992eb09a-0828-4ef9-97b4-1577ebba3a21
2023-01,monthly,HDV,duurzamemobiliteit.databank.nl (RDW),33.0,3.0,,0.0,1513.0,,6.0,1555.0,workspace_guid=992eb09a-0828-4ef9-97b4-1577ebba3a21
2023-02,monthly,HDV,duurzamemobiliteit.databank.nl (RDW),24.0,1.0,,1.0,1200.0,,0.0,1226.0,workspace_guid=992eb09a-0828-4ef9-97b4-1577ebba3a21
2023-03,monthly,HDV,duurzamemobiliteit.databank.nl (RDW),31.0,0.0,,0.0,1508.0,,2.0,1541.0,workspace_guid=992eb09a-0828-4ef9-97b4-1577ebba3a21
2023-04,monthly,HDV,duurzamemobiliteit.databank.nl (RDW),26.0,2.0,,0.0,1109.0,,2.0,1139.0,workspace_guid=992eb09a-0828-4ef9-97b4-1577ebba3a21
2023-05,monthly,HDV,duurzamemobiliteit.databank.nl (RDW),36.0,2.0,,0.0,1176.0,,5.0,1219.0,workspace_guid=992eb09a-0828-4ef9-97b4-1577ebba3a21
2023-06,monthly,HDV,duurzamemobiliteit.databank.nl (RDW),35.0,2.0,,0.0,1222.0,,6.0,1265.0,workspace_guid=992eb09a-0828-4ef9-97b4-1577ebba3a21
2023-07,monthly,HDV,duurzamemobiliteit.databank.nl (RDW),47.0,1.0,,0.0,1254.0,,5.0,1307.0,workspace_guid=992eb09a-0828-4ef9-97b4-1577ebba3a21
2023-08,monthly,HDV,duurzamemobiliteit.databank.nl (RDW),46.0,8.0,,0.0,1851.0,,2.0,1907.0,workspace_guid=992eb09a-0828-4ef9-97b4-1577ebba3a21
2023-09,monthly,HDV,duurzamemobiliteit.databank.nl (RDW),21.0,0.0,,0.0,786.0,,5.0,812.0,workspace_guid=992eb09a-0828-4ef9-97b4-1577ebba3a21
2023-10,monthly,HDV,duurzamemobiliteit.databank.nl (RDW),35.0,0.0,,0.0,1057.0,,3.0,1095.0,workspace_guid=992eb09a-0828-4ef9-97b4-1577ebba3a21
2023-11,monthly,HDV,duurzamemobiliteit.databank.nl (RDW),39.0,2.0,,0.0,1109.0,,4.0,1154.0,workspace_guid=992eb09a-0828-4ef9-97b4-1577ebba3a21
2023-12,monthly,HDV,duurzamemobiliteit.databank.nl (RDW),35.0,4.0,,0.0,736.0,,4.0,779.0,workspace_guid=992eb09a-0828-4ef9-97b4-1577ebba3a21
2024-01,monthly,HDV,duurzamemobiliteit.databank.nl (RDW),48.0,3.0,,0.0,1554.0,,3.0,1608.0,workspace_guid=992eb09a-0828-4ef9-97b4-1577ebba3a21
2024-02,monthly,HDV,duurzamemobiliteit.databank.nl (RDW),38.0,2.0,,0.0,1161.0,,3.0,1204.0,workspace_guid=992eb09a-0828-4ef9-97b4-1577ebba3a21
2024-03,monthly,HDV,duurzamemobiliteit.databank.nl (RDW),49.0,1.0,,0.0,1285.0,,34.0,1369.0,workspace_guid=992eb09a-0828-4ef9-97b4-1577ebba3a21
2024-04,monthly,HDV,duurzamemobiliteit.databank.nl (RDW),68.0,1.0,,0.0,1322.0,,11.0,1402.0,workspace_guid=992eb09a-0828-4ef9-97b4-1577ebba3a21
2024-05,monthly,HDV,duurzamemobiliteit.databank.nl (RDW),58.0,2.0,,0.0,1203.0,,5.0,1268.0,workspace_guid=992eb09a-0828-4ef9-97b4-1577ebba3a21
2024-06,monthly,HDV,duurzamemobiliteit.databank.nl (RDW),48.0,0.0,,0.0,1219.0,,21.0,1288.0,workspace_guid=992eb09a-0828-4ef9-97b4-1577ebba3a21
2024-07,monthly,HDV,duurzamemobiliteit.databank.nl (RDW),64.0,3.0,,0.0,975.0,,41.0,1083.0,workspace_guid=992eb09a-0828-4ef9-97b4-1577ebba3a21
2024-08,monthly,HDV,duurzamemobiliteit.databank.nl (RDW),33.0,2.0,,0.0,812.0,,10.0,857.0,workspace_guid=992eb09a-0828-4ef9-97b4-1577ebba3a21
2024-09,monthly,HDV,duurzamemobiliteit.databank.nl (RDW),29.0,1.0,,0.0,1033.0,,7.0,1070.0,workspace_guid=992eb09a-0828-4ef9-97b4-1577ebba3a21
2024-10,monthly,HDV,duurzamemobiliteit.databank.nl (RDW),55.0,1.0,,0.0,1377.0,,17.0,1450.0,workspace_guid=992eb09a-0828-4ef9-97b4-1577ebba3a21
2024-11,monthly,HDV,duurzamemobiliteit.databank.nl (RDW),38.0,2.0,,0.0,1558.0,,16.0,1614.0,workspace_guid=992eb09a-0828-4ef9-97b4-1577ebba3a21
2024-12,monthly,HDV,duurzamemobiliteit.databank.nl (RDW),36.0,2.0,,1.0,3668.0,,72.0,3779.0,workspace_guid=992eb09a-0828-4ef9-97b4-1577ebba3a21
2025-01,monthly,HDV,duurzamemobiliteit.databank.nl (RDW),40.0,1.0,,0.0,516.0,,2.0,559.0,workspace_guid=992eb09a-0828-4ef9-97b4-1577ebba3a21
2025-02,monthly,HDV,duurzamemobiliteit.databank.nl (RDW),47.0,0.0,,0.0,475.0,,2.0,524.0,workspace_guid=992eb09a-0828-4ef9-97b4-1577ebba3a21
2025-03,monthly,HDV,duurzamemobiliteit.databank.nl (RDW),59.0,3.0,,0.0,696.0,,5.0,763.0,workspace_guid=992eb09a-0828-4ef9-97b4-1577ebba3a21
2025-04,monthly,HDV,duurzamemobiliteit.databank.nl (RDW),64.0,0.0,,0.0,766.0,,6.0,836.0,workspace_guid=992eb09a-0828-4ef9-97b4-1577ebba3a21
2025-05,monthly,HDV,duurzamemobiliteit.databank.nl (RDW),87.0,2.0,,0.0,700.0,,7.0,796.0,workspace_guid=992eb09a-0828-4ef9-97b4-1577ebba3a21
2025-06,monthly,HDV,duurzamemobiliteit.databank.nl (RDW),66.0,0.0,,0.0,1243.0,,12.0,1321.0,workspace_guid=992eb09a-0828-4ef9-97b4-1577ebba3a21
2025-07,monthly,HDV,duurzamemobiliteit.databank.nl (RDW),81.0,1.0,,0.0,638.0,,12.0,732.0,workspace_guid=992eb09a-0828-4ef9-97b4-1577ebba3a21
2025-08,monthly,HDV,duurzamemobiliteit.databank.nl (RDW),88.0,0.0,,0.0,519.0,,6.0,613.0,workspace_guid=992eb09a-0828-4ef9-97b4-1577ebba3a21
2025-09,monthly,HDV,duurzamemobiliteit.databank.nl (RDW),101.0,0.0,,0.0,812.0,,9.0,922.0,workspace_guid=992eb09a-0828-4ef9-97b4-1577ebba3a21
2025-10,monthly,HDV,duurzamemobiliteit.databank.nl (RDW),101.0,0.0,,0.0,840.0,,23.0,964.0,workspace_guid=992eb09a-0828-4ef9-97b4-1577ebba3a21
2025-11,monthly,HDV,duurzamemobiliteit.databank.nl (RDW),118.0,1.0,,0.0,694.0,,3.0,816.0,workspace_guid=992eb09a-0828-4ef9-97b4-1577ebba3a21
2025-12,monthly,HDV,duurzamemobiliteit.databank.nl (RDW),129.0,0.0,,0.0,477.0,,0.0,606.0,workspace_guid=992eb09a-0828-4ef9-97b4-1577ebba3a21
2026-01,monthly,HDV,duurzamemobiliteit.databank.nl (RDW),136.0,1.0,,0.0,1130.0,,18.0,1285.0,workspace_guid=992eb09a-0828-4ef9-97b4-1577ebba3a21
2026-02,monthly,HDV,duurzamemobiliteit.databank.nl (RDW),82.0,1.0,,0.0,819.0,,6.0,908.0,workspace_guid=992eb09a-0828-4ef9-97b4-1577ebba3a21
2026-03,monthly,HDV,duurzamemobiliteit.databank.nl (RDW),127.0,2.0,,0.0,1065.0,,2.0,1196.0,workspace_guid=992eb09a-0828-4ef9-97b4-1577ebba3a21
2026-04,monthly,HDV,duurzamemobiliteit.databank.nl (RDW),123.0,2.0,,0.0,886.0,,7.0,1018.0,workspace_guid=992eb09a-0828-4ef9-97b4-1577ebba3a21
2018-01,monthly,Used Imports,duurzamemobiliteit.databank.nl (RDW),83.0,106.0,,12849.0,4465.0,,164.0,17667.0,workspace_guid=ffaf2d83-0174-4b36-92b9-f7bd96ad4d89
2018-02,monthly,Used Imports,duurzamemobiliteit.databank.nl (RDW),66.0,110.0,,11894.0,4229.0,,117.0,16416.0,workspace_guid=ffaf2d83-0174-4b36-92b9-f7bd96ad4d89
2018-03,monthly,Used Imports,duurzamemobiliteit.databank.nl (RDW),94.0,152.0,,13940.0,4551.0,,152.0,18889.0,workspace_guid=ffaf2d83-0174-4b36-92b9-f7bd96ad4d89
2018-04,monthly,Used Imports,duurzamemobiliteit.databank.nl (RDW),78.0,107.0,,11959.0,3552.0,,151.0,15847.0,workspace_guid=ffaf2d83-0174-4b36-92b9-f7bd96ad4d89
2018-05,monthly,Used Imports,duurzamemobiliteit.databank.nl (RDW),94.0,108.0,,12856.0,3682.0,,159.0,16899.0,workspace_guid=ffaf2d83-0174-4b36-92b9-f7bd96ad4d89
2018-06,monthly,Used Imports,duurzamemobiliteit.databank.nl (RDW),84.0,136.0,,13964.0,3878.0,,160.0,18222.0,workspace_guid=ffaf2d83-0174-4b36-92b9-f7bd96ad4d89
2018-07,monthly,Used Imports,duurzamemobiliteit.databank.nl (RDW),82.0,135.0,,13293.0,3836.0,,148.0,17494.0,workspace_guid=ffaf2d83-0174-4b36-92b9-f7bd96ad4d89
2018-08,monthly,Used Imports,duurzamemobiliteit.databank.nl (RDW),99.0,137.0,,12989.0,3144.0,,117.0,16486.0,workspace_guid=ffaf2d83-0174-4b36-92b9-f7bd96ad4d89
2018-09,monthly,Used Imports,duurzamemobiliteit.databank.nl (RDW),71.0,124.0,,12616.0,2914.0,,125.0,15850.0,workspace_guid=ffaf2d83-0174-4b36-92b9-f7bd96ad4d89
2018-10,monthly,Used Imports,duurzamemobiliteit.databank.nl (RDW),107.0,130.0,,13789.0,3023.0,,152.0,17201.0,workspace_guid=ffaf2d83-0174-4b36-92b9-f7bd96ad4d89
2018-11,monthly,Used Imports,duurzamemobiliteit.databank.nl (RDW),107.0,127.0,,14149.0,2918.0,,153.0,17454.0,workspace_guid=ffaf2d83-0174-4b36-92b9-f7bd96ad4d89
2018-12,monthly,Used Imports,duurzamemobiliteit.databank.nl (RDW),151.0,154.0,,12877.0,2762.0,,127.0,16071.0,workspace_guid=ffaf2d83-0174-4b36-92b9-f7bd96ad4d89
2019-01,monthly,Used Imports,duurzamemobiliteit.databank.nl (RDW),139.0,135.0,,14174.0,2751.0,,126.0,17325.0,workspace_guid=ffaf2d83-0174-4b36-92b9-f7bd96ad4d89
2019-02,monthly,Used Imports,duurzamemobiliteit.databank.nl (RDW),136.0,111.0,,14369.0,2784.0,,145.0,17545.0,workspace_guid=ffaf2d83-0174-4b36-92b9-f7bd96ad4d89
2019-03,monthly,Used Imports,duurzamemobiliteit.databank.nl (RDW),145.0,123.0,,14872.0,2769.0,,124.0,18033.0,workspace_guid=ffaf2d83-0174-4b36-92b9-f7bd96ad4d89
2019-04,monthly,Used Imports,duurzamemobiliteit.databank.nl (RDW),149.0,118.0,,13980.0,2552.0,,122.0,16921.0,workspace_guid=ffaf2d83-0174-4b36-92b9-f7bd96ad4d89
2019-05,monthly,Used Imports,duurzamemobiliteit.databank.nl (RDW),182.0,141.0,,15367.0,2682.0,,156.0,18528.0,workspace_guid=ffaf2d83-0174-4b36-92b9-f7bd96ad4d89
2019-06,monthly,Used Imports,duurzamemobiliteit.databank.nl (RDW),221.0,108.0,,14206.0,2701.0,,122.0,17358.0,workspace_guid=ffaf2d83-0174-4b36-92b9-f7bd96ad4d89
2019-07,monthly,Used Imports,duurzamemobiliteit.databank.nl (RDW),175.0,126.0,,15464.0,2905.0,,140.0,18810.0,workspace_guid=ffaf2d83-0174-4b36-92b9-f7bd96ad4d89
2019-08,monthly,Used Imports,duurzamemobiliteit.databank.nl (RDW),208.0,117.0,,14589.0,2059.0,,97.0,17070.0,workspace_guid=ffaf2d83-0174-4b36-92b9-f7bd96ad4d89
2019-09,monthly,Used Imports,duurzamemobiliteit.databank.nl (RDW),194.0,115.0,,13902.0,2104.0,,128.0,16443.0,workspace_guid=ffaf2d83-0174-4b36-92b9-f7bd96ad4d89
2019-10,monthly,Used Imports,duurzamemobiliteit.databank.nl (RDW),329.0,136.0,,16244.0,2430.0,,154.0,19293.0,workspace_guid=ffaf2d83-0174-4b36-92b9-f7bd96ad4d89
2019-11,monthly,Used Imports,duurzamemobiliteit.databank.nl (RDW),340.0,116.0,,16353.0,2272.0,,150.0,19231.0,workspace_guid=ffaf2d83-0174-4b36-92b9-f7bd96ad4d89
2019-12,monthly,Used Imports,duurzamemobiliteit.databank.nl (RDW),547.0,132.0,,14649.0,2122.0,,143.0,17593.0,workspace_guid=ffaf2d83-0174-4b36-92b9-f7bd96ad4d89
2020-01,monthly,Used Imports,duurzamemobiliteit.databank.nl (RDW),451.0,150.0,,16795.0,2095.0,,157.0,19648.0,workspace_guid=ffaf2d83-0174-4b36-92b9-f7bd96ad4d89
2020-02,monthly,Used Imports,duurzamemobiliteit.databank.nl (RDW),266.0,140.0,,15769.0,1853.0,,121.0,18149.0,workspace_guid=ffaf2d83-0174-4b36-92b9-f7bd96ad4d89
2020-03,monthly,Used Imports,duurzamemobiliteit.databank.nl (RDW),225.0,138.0,,13903.0,1573.0,,109.0,15948.0,workspace_guid=ffaf2d83-0174-4b36-92b9-f7bd96ad4d89
2020-04,monthly,Used Imports,duurzamemobiliteit.databank.nl (RDW),119.0,79.0,,8066.0,735.0,,64.0,9063.0,workspace_guid=ffaf2d83-0174-4b36-92b9-f7bd96ad4d89
2020-05,monthly,Used Imports,duurzamemobiliteit.databank.nl (RDW),178.0,130.0,,12982.0,1130.0,,73.0,14493.0,workspace_guid=ffaf2d83-0174-4b36-92b9-f7bd96ad4d89
2020-06,monthly,Used Imports,duurzamemobiliteit.databank.nl (RDW),276.0,187.0,,16841.0,1692.0,,133.0,19129.0,workspace_guid=ffaf2d83-0174-4b36-92b9-f7bd96ad4d89
2020-07,monthly,Used Imports,duurzamemobiliteit.databank.nl (RDW),515.0,282.0,,19905.0,2060.0,,152.0,22914.0,workspace_guid=ffaf2d83-0174-4b36-92b9-f7bd96ad4d89
2020-08,monthly,Used Imports,duurzamemobiliteit.databank.nl (RDW),367.0,261.0,,17474.0,1704.0,,129.0,19935.0,workspace_guid=ffaf2d83-0174-4b36-92b9-f7bd96ad4d89
2020-09,monthly,Used Imports,duurzamemobiliteit.databank.nl (RDW),447.0,308.0,,19258.0,1824.0,,138.0,21975.0,workspace_guid=ffaf2d83-0174-4b36-92b9-f7bd96ad4d89
2020-10,monthly,Used Imports,duurzamemobiliteit.databank.nl (RDW),550.0,365.0,,21652.0,1934.0,,139.0,24640.0,workspace_guid=ffaf2d83-0174-4b36-92b9-f7bd96ad4d89
2020-11,monthly,Used Imports,duurzamemobiliteit.databank.nl (RDW),532.0,355.0,,18492.0,1595.0,,132.0,21106.0,workspace_guid=ffaf2d83-0174-4b36-92b9-f7bd96ad4d89
2020-12,monthly,Used Imports,duurzamemobiliteit.databank.nl (RDW),530.0,384.0,,18197.0,1594.0,,133.0,20838.0,workspace_guid=ffaf2d83-0174-4b36-92b9-f7bd96ad4d89
2021-01,monthly,Used Imports,duurzamemobiliteit.databank.nl (RDW),467.0,358.0,,17348.0,1493.0,,126.0,19792.0,workspace_guid=ffaf2d83-0174-4b36-92b9-f7bd96ad4d89
2021-02,monthly,Used Imports,duurzamemobiliteit.databank.nl (RDW),508.0,419.0,,16397.0,1361.0,,136.0,18821.0,workspace_guid=ffaf2d83-0174-4b36-92b9-f7bd96ad4d89
2021-03,monthly,Used Imports,duurzamemobiliteit.databank.nl (RDW),494.0,583.0,,20723.0,1568.0,,157.0,23525.0,workspace_guid=ffaf2d83-0174-4b36-92b9-f7bd96ad4d89
2021-04,monthly,Used Imports,duurzamemobiliteit.databank.nl (RDW),552.0,639.0,,20422.0,1471.0,,132.0,23216.0,workspace_guid=ffaf2d83-0174-4b36-92b9-f7bd96ad4d89
2021-05,monthly,Used Imports,duurzamemobiliteit.databank.nl (RDW),632.0,715.0,,20606.0,1461.0,,125.0,23539.0,workspace_guid=ffaf2d83-0174-4b36-92b9-f7bd96ad4d89
2021-06,monthly,Used Imports,duurzamemobiliteit.databank.nl (RDW),714.0,900.0,,22538.0,1734.0,,130.0,26016.0,workspace_guid=ffaf2d83-0174-4b36-92b9-f7bd96ad4d89
2021-07,monthly,Used Imports,duurzamemobiliteit.databank.nl (RDW),936.0,1109.0,,23560.0,1784.0,,141.0,27530.0,workspace_guid=ffaf2d83-0174-4b36-92b9-f7bd96ad4d89
2021-08,monthly,Used Imports,duurzamemobiliteit.databank.nl (RDW),851.0,1018.0,,19888.0,1430.0,,121.0,23308.0,workspace_guid=ffaf2d83-0174-4b36-92b9-f7bd96ad4d89
2021-09,monthly,Used Imports,duurzamemobiliteit.databank.nl (RDW),1003.0,1067.0,,19979.0,1520.0,,135.0,23704.0,workspace_guid=ffaf2d83-0174-4b36-92b9-f7bd96ad4d89
2021-10,monthly,Used Imports,duurzamemobiliteit.databank.nl (RDW),1102.0,1246.0,,21381.0,1602.0,,153.0,25484.0,workspace_guid=ffaf2d83-0174-4b36-92b9-f7bd96ad4d89
2021-11,monthly,Used Imports,duurzamemobiliteit.databank.nl (RDW),1003.0,1182.0,,18598.0,1517.0,,142.0,22442.0,workspace_guid=ffaf2d83-0174-4b36-92b9-f7bd96ad4d89
2021-12,monthly,Used Imports,duurzamemobiliteit.databank.nl (RDW),1080.0,1271.0,,18141.0,1523.0,,118.0,22133.0,workspace_guid=ffaf2d83-0174-4b36-92b9-f7bd96ad4d89
2022-01,monthly,Used Imports,duurzamemobiliteit.databank.nl (RDW),1563.0,1173.0,,17706.0,1331.0,,141.0,21914.0,workspace_guid=ffaf2d83-0174-4b36-92b9-f7bd96ad4d89
2022-02,monthly,Used Imports,duurzamemobiliteit.databank.nl (RDW),1235.0,1357.0,,16333.0,1368.0,,111.0,20404.0,workspace_guid=ffaf2d83-0174-4b36-92b9-f7bd96ad4d89
2022-03,monthly,Used Imports,duurzamemobiliteit.databank.nl (RDW),1897.0,1447.0,,16513.0,1328.0,,141.0,21326.0,workspace_guid=ffaf2d83-0174-4b36-92b9-f7bd96ad4d89
2022-04,monthly,Used Imports,duurzamemobiliteit.databank.nl (RDW),1879.0,1523.0,,15477.0,1121.0,,108.0,20108.0,workspace_guid=ffaf2d83-0174-4b36-92b9-f7bd96ad4d89
2022-05,monthly,Used Imports,duurzamemobiliteit.databank.nl (RDW),1857.0,1684.0,,14901.0,1069.0,,115.0,19626.0,workspace_guid=ffaf2d83-0174-4b36-92b9-f7bd96ad4d89
2022-06,monthly,Used Imports,duurzamemobiliteit.databank.nl (RDW),1989.0,1691.0,,15732.0,1284.0,,116.0,20812.0,workspace_guid=ffaf2d83-0174-4b36-92b9-f7bd96ad4d89
2022-07,monthly,Used Imports,duurzamemobiliteit.databank.nl (RDW),1682.0,1736.0,,14944.0,1236.0,,120.0,19718.0,workspace_guid=ffaf2d83-0174-4b36-92b9-f7bd96ad4d89
2022-08,monthly,Used Imports,duurzamemobiliteit.databank.nl (RDW),1479.0,1578.0,,14050.0,956.0,,107.0,18170.0,workspace_guid=ffaf2d83-0174-4b36-92b9-f7bd96ad4d89
2022-09,monthly,Used Imports,duurzamemobiliteit.databank.nl (RDW),1307.0,1598.0,,14231.0,900.0,,116.0,18152.0,workspace_guid=ffaf2d83-0174-4b36-92b9-f7bd96ad4d89
2022-10,monthly,Used Imports,duurzamemobiliteit.databank.nl (RDW),1046.0,1727.0,,14608.0,779.0,,135.0,18295.0,workspace_guid=ffaf2d83-0174-4b36-92b9-f7bd96ad4d89
2022-11,monthly,Used Imports,duurzamemobiliteit.databank.nl (RDW),1060.0,1891.0,,14965.0,737.0,,126.0,18779.0,workspace_guid=ffaf2d83-0174-4b36-92b9-f7bd96ad4d89
2022-12,monthly,Used Imports,duurzamemobiliteit.databank.nl (RDW),1146.0,2106.0,,14333.0,744.0,,106.0,18435.0,workspace_guid=ffaf2d83-0174-4b36-92b9-f7bd96ad4d89
2023-01,monthly,Used Imports,duurzamemobiliteit.databank.nl (RDW),1907.0,2194.0,,15277.0,756.0,,111.0,20245.0,workspace_guid=ffaf2d83-0174-4b36-92b9-f7bd96ad4d89
2023-02,monthly,Used Imports,duurzamemobiliteit.databank.nl (RDW),1521.0,2304.0,,14373.0,715.0,,95.0,19008.0,workspace_guid=ffaf2d83-0174-4b36-92b9-f7bd96ad4d89
2023-03,monthly,Used Imports,duurzamemobiliteit.databank.nl (RDW),1705.0,2792.0,,16503.0,806.0,,116.0,21922.0,workspace_guid=ffaf2d83-0174-4b36-92b9-f7bd96ad4d89
2023-04,monthly,Used Imports,duurzamemobiliteit.databank.nl (RDW),1317.0,2511.0,,14234.0,736.0,,99.0,18897.0,workspace_guid=ffaf2d83-0174-4b36-92b9-f7bd96ad4d89
2023-05,monthly,Used Imports,duurzamemobiliteit.databank.nl (RDW),1310.0,2615.0,,14357.0,858.0,,108.0,19248.0,workspace_guid=ffaf2d83-0174-4b36-92b9-f7bd96ad4d89
2023-06,monthly,Used Imports,duurzamemobiliteit.databank.nl (RDW),1353.0,3205.0,,16026.0,996.0,,126.0,21706.0,workspace_guid=ffaf2d83-0174-4b36-92b9-f7bd96ad4d89
2023-07,monthly,Used Imports,duurzamemobiliteit.databank.nl (RDW),1300.0,3209.0,,15158.0,952.0,,115.0,20734.0,workspace_guid=ffaf2d83-0174-4b36-92b9-f7bd96ad4d89
2023-08,monthly,Used Imports,duurzamemobiliteit.databank.nl (RDW),1322.0,3122.0,,13401.0,740.0,,106.0,18691.0,workspace_guid=ffaf2d83-0174-4b36-92b9-f7bd96ad4d89
2023-09,monthly,Used Imports,duurzamemobiliteit.databank.nl (RDW),1467.0,3679.0,,13567.0,739.0,,116.0,19568.0,workspace_guid=ffaf2d83-0174-4b36-92b9-f7bd96ad4d89
2023-10,monthly,Used Imports,duurzamemobiliteit.databank.nl (RDW),1352.0,3957.0,,13918.0,804.0,,125.0,20156.0,workspace_guid=ffaf2d83-0174-4b36-92b9-f7bd96ad4d89
2023-11,monthly,Used Imports,duurzamemobiliteit.databank.nl (RDW),1242.0,4199.0,,14572.0,900.0,,109.0,21022.0,workspace_guid=ffaf2d83-0174-4b36-92b9-f7bd96ad4d89
2023-12,monthly,Used Imports,duurzamemobiliteit.databank.nl (RDW),940.0,4106.0,,13322.0,799.0,,97.0,19264.0,workspace_guid=ffaf2d83-0174-4b36-92b9-f7bd96ad4d89
2024-01,monthly,Used Imports,duurzamemobiliteit.databank.nl (RDW),1337.0,4464.0,,14976.0,844.0,,96.0,21717.0,workspace_guid=ffaf2d83-0174-4b36-92b9-f7bd96ad4d89
2024-02,monthly,Used Imports,duurzamemobiliteit.databank.nl (RDW),955.0,4805.0,,14574.0,816.0,,87.0,21237.0,workspace_guid=ffaf2d83-0174-4b36-92b9-f7bd96ad4d89
2024-03,monthly,Used Imports,duurzamemobiliteit.databank.nl (RDW),1136.0,5568.0,,16288.0,834.0,,106.0,23932.0,workspace_guid=ffaf2d83-0174-4b36-92b9-f7bd96ad4d89
2024-04,monthly,Used Imports,duurzamemobiliteit.databank.nl (RDW),1057.0,5310.0,,15467.0,762.0,,116.0,22712.0,workspace_guid=ffaf2d83-0174-4b36-92b9-f7bd96ad4d89
2024-05,monthly,Used Imports,duurzamemobiliteit.databank.nl (RDW),1234.0,5468.0,,15711.0,872.0,,93.0,23378.0,workspace_guid=ffaf2d83-0174-4b36-92b9-f7bd96ad4d89
2024-06,monthly,Used Imports,duurzamemobiliteit.databank.nl (RDW),1149.0,5538.0,,15571.0,782.0,,112.0,23152.0,workspace_guid=ffaf2d83-0174-4b36-92b9-f7bd96ad4d89
2024-07,monthly,Used Imports,duurzamemobiliteit.databank.nl (RDW),1314.0,6409.0,,16049.0,922.0,,115.0,24809.0,workspace_guid=ffaf2d83-0174-4b36-92b9-f7bd96ad4d89
2024-08,monthly,Used Imports,duurzamemobiliteit.databank.nl (RDW),1205.0,5704.0,,13951.0,687.0,,83.0,21630.0,workspace_guid=ffaf2d83-0174-4b36-92b9-f7bd96ad4d89
2024-09,monthly,Used Imports,duurzamemobiliteit.databank.nl (RDW),1246.0,5776.0,,13673.0,668.0,,80.0,21443.0,workspace_guid=ffaf2d83-0174-4b36-92b9-f7bd96ad4d89
2024-10,monthly,Used Imports,duurzamemobiliteit.databank.nl (RDW),1399.0,6512.0,,15801.0,785.0,,87.0,24584.0,workspace_guid=ffaf2d83-0174-4b36-92b9-f7bd96ad4d89
2024-11,monthly,Used Imports,duurzamemobiliteit.databank.nl (RDW),1377.0,6687.0,,15219.0,783.0,,100.0,24166.0,workspace_guid=ffaf2d83-0174-4b36-92b9-f7bd96ad4d89
2024-12,monthly,Used Imports,duurzamemobiliteit.databank.nl (RDW),1346.0,6163.0,,12659.0,614.0,,75.0,20857.0,workspace_guid=ffaf2d83-0174-4b36-92b9-f7bd96ad4d89
2025-01,monthly,Used Imports,duurzamemobiliteit.databank.nl (RDW),938.0,7079.0,,15194.0,709.0,,88.0,24008.0,workspace_guid=ffaf2d83-0174-4b36-92b9-f7bd96ad4d89
2025-02,monthly,Used Imports,duurzamemobiliteit.databank.nl (RDW),858.0,7125.0,,14816.0,712.0,,99.0,23610.0,workspace_guid=ffaf2d83-0174-4b36-92b9-f7bd96ad4d89
2025-03,monthly,Used Imports,duurzamemobiliteit.databank.nl (RDW),937.0,7681.0,,15208.0,681.0,,148.0,24655.0,workspace_guid=ffaf2d83-0174-4b36-92b9-f7bd96ad4d89
2025-04,monthly,Used Imports,duurzamemobiliteit.databank.nl (RDW),829.0,7351.0,,15488.0,699.0,,125.0,24492.0,workspace_guid=ffaf2d83-0174-4b36-92b9-f7bd96ad4d89
2025-05,monthly,Used Imports,duurzamemobiliteit.databank.nl (RDW),856.0,7951.0,,15584.0,672.0,,102.0,25165.0,workspace_guid=ffaf2d83-0174-4b36-92b9-f7bd96ad4d89
2025-06,monthly,Used Imports,duurzamemobiliteit.databank.nl (RDW),848.0,8066.0,,15509.0,723.0,,96.0,25242.0,workspace_guid=ffaf2d83-0174-4b36-92b9-f7bd96ad4d89
2025-07,monthly,Used Imports,duurzamemobiliteit.databank.nl (RDW),930.0,8691.0,,16661.0,795.0,,86.0,27163.0,workspace_guid=ffaf2d83-0174-4b36-92b9-f7bd96ad4d89
2025-08,monthly,Used Imports,duurzamemobiliteit.databank.nl (RDW),912.0,7327.0,,13965.0,563.0,,87.0,22854.0,workspace_guid=ffaf2d83-0174-4b36-92b9-f7bd96ad4d89
2025-09,monthly,Used Imports,duurzamemobiliteit.databank.nl (RDW),936.0,8037.0,,14752.0,601.0,,65.0,24391.0,workspace_guid=ffaf2d83-0174-4b36-92b9-f7bd96ad4d89
2025-10,monthly,Used Imports,duurzamemobiliteit.databank.nl (RDW),1093.0,8689.0,,16408.0,698.0,,80.0,26968.0,workspace_guid=ffaf2d83-0174-4b36-92b9-f7bd96ad4d89
2025-11,monthly,Used Imports,duurzamemobiliteit.databank.nl (RDW),978.0,8098.0,,14984.0,660.0,,92.0,24812.0,workspace_guid=ffaf2d83-0174-4b36-92b9-f7bd96ad4d89
2025-12,monthly,Used Imports,duurzamemobiliteit.databank.nl (RDW),1192.0,8179.0,,13730.0,636.0,,98.0,23835.0,workspace_guid=ffaf2d83-0174-4b36-92b9-f7bd96ad4d89
2026-01,monthly,Used Imports,duurzamemobiliteit.databank.nl (RDW),1421.0,11737.0,,20666.0,703.0,,141.0,34668.0,workspace_guid=ffaf2d83-0174-4b36-92b9-f7bd96ad4d89
2026-02,monthly,Used Imports,duurzamemobiliteit.databank.nl (RDW),1531.0,10741.0,,18378.0,703.0,,98.0,31451.0,workspace_guid=ffaf2d83-0174-4b36-92b9-f7bd96ad4d89
2026-03,monthly,Used Imports,duurzamemobiliteit.databank.nl (RDW),1756.0,10888.0,,18218.0,653.0,,109.0,31624.0,workspace_guid=ffaf2d83-0174-4b36-92b9-f7bd96ad4d89
2026-04,monthly,Used Imports,duurzamemobiliteit.databank.nl (RDW),2024.0,8442.0,,14609.0,467.0,,102.0,25644.0,workspace_guid=ffaf2d83-0174-4b36-92b9-f7bd96ad4d89
2018-01,monthly,Whole,duurzamemobiliteit.databank.nl (RDW),1328.0,311.0,,47424.0,9765.0,,187.0,59015.0,workspace_guid=a7d36cf5-9dd3-4eca-96e9-9e1b991af9ba
2018-02,monthly,Whole,duurzamemobiliteit.databank.nl (RDW),922.0,210.0,,28234.0,5185.0,,297.0,34848.0,workspace_guid=a7d36cf5-9dd3-4eca-96e9-9e1b991af9ba
2018-03,monthly,Whole,duurzamemobiliteit.databank.nl (RDW),1694.0,280.0,,33643.0,5466.0,,189.0,41272.0,workspace_guid=a7d36cf5-9dd3-4eca-96e9-9e1b991af9ba
2018-04,monthly,Whole,duurzamemobiliteit.databank.nl (RDW),827.0,194.0,,28147.0,4449.0,,119.0,33736.0,workspace_guid=a7d36cf5-9dd3-4eca-96e9-9e1b991af9ba
2018-05,monthly,Whole,duurzamemobiliteit.databank.nl (RDW),1159.0,237.0,,30221.0,4391.0,,150.0,36158.0,workspace_guid=a7d36cf5-9dd3-4eca-96e9-9e1b991af9ba
2018-06,monthly,Whole,duurzamemobiliteit.databank.nl (RDW),2023.0,285.0,,39440.0,4897.0,,161.0,46806.0,workspace_guid=a7d36cf5-9dd3-4eca-96e9-9e1b991af9ba
2018-07,monthly,Whole,duurzamemobiliteit.databank.nl (RDW),1041.0,291.0,,29946.0,4357.0,,217.0,35852.0,workspace_guid=a7d36cf5-9dd3-4eca-96e9-9e1b991af9ba
2018-08,monthly,Whole,duurzamemobiliteit.databank.nl (RDW),1570.0,321.0,,34352.0,4513.0,,197.0,40953.0,workspace_guid=a7d36cf5-9dd3-4eca-96e9-9e1b991af9ba
2018-09,monthly,Whole,duurzamemobiliteit.databank.nl (RDW),2539.0,402.0,,23191.0,2777.0,,32.0,28941.0,workspace_guid=a7d36cf5-9dd3-4eca-96e9-9e1b991af9ba
2018-10,monthly,Whole,duurzamemobiliteit.databank.nl (RDW),1979.0,371.0,,24065.0,3448.0,,51.0,29914.0,workspace_guid=a7d36cf5-9dd3-4eca-96e9-9e1b991af9ba
2018-11,monthly,Whole,duurzamemobiliteit.databank.nl (RDW),3062.0,494.0,,27522.0,3527.0,,68.0,34673.0,workspace_guid=a7d36cf5-9dd3-4eca-96e9-9e1b991af9ba
2018-12,monthly,Whole,duurzamemobiliteit.databank.nl (RDW),6033.0,157.0,,12581.0,1073.0,,72.0,19916.0,workspace_guid=a7d36cf5-9dd3-4eca-96e9-9e1b991af9ba
2019-01,monthly,Whole,duurzamemobiliteit.databank.nl (RDW),2440.0,774.0,,39423.0,4832.0,,115.0,47584.0,workspace_guid=a7d36cf5-9dd3-4eca-96e9-9e1b991af9ba
2019-02,monthly,Whole,duurzamemobiliteit.databank.nl (RDW),2045.0,384.0,,24514.0,2583.0,,58.0,29584.0,workspace_guid=a7d36cf5-9dd3-4eca-96e9-9e1b991af9ba
2019-03,monthly,Whole,duurzamemobiliteit.databank.nl (RDW),3991.0,701.0,,31109.0,2722.0,,88.0,38611.0,workspace_guid=a7d36cf5-9dd3-4eca-96e9-9e1b991af9ba
2019-04,monthly,Whole,duurzamemobiliteit.databank.nl (RDW),2103.0,340.0,,27358.0,2381.0,,102.0,32284.0,workspace_guid=a7d36cf5-9dd3-4eca-96e9-9e1b991af9ba
2019-05,monthly,Whole,duurzamemobiliteit.databank.nl (RDW),2247.0,391.0,,30926.0,2239.0,,147.0,35950.0,workspace_guid=a7d36cf5-9dd3-4eca-96e9-9e1b991af9ba
2019-06,monthly,Whole,duurzamemobiliteit.databank.nl (RDW),4059.0,431.0,,33968.0,2472.0,,139.0,41069.0,workspace_guid=a7d36cf5-9dd3-4eca-96e9-9e1b991af9ba
2019-07,monthly,Whole,duurzamemobiliteit.databank.nl (RDW),2033.0,293.0,,28278.0,2206.0,,62.0,32872.0,workspace_guid=a7d36cf5-9dd3-4eca-96e9-9e1b991af9ba
2019-08,monthly,Whole,duurzamemobiliteit.databank.nl (RDW),2801.0,333.0,,28336.0,2097.0,,55.0,33622.0,workspace_guid=a7d36cf5-9dd3-4eca-96e9-9e1b991af9ba
2019-09,monthly,Whole,duurzamemobiliteit.databank.nl (RDW),7591.0,500.0,,27704.0,1658.0,,42.0,37495.0,workspace_guid=a7d36cf5-9dd3-4eca-96e9-9e1b991af9ba
2019-10,monthly,Whole,duurzamemobiliteit.databank.nl (RDW),2214.0,630.0,,28968.0,1733.0,,67.0,33612.0,workspace_guid=a7d36cf5-9dd3-4eca-96e9-9e1b991af9ba
2019-11,monthly,Whole,duurzamemobiliteit.databank.nl (RDW),6712.0,493.0,,29759.0,1816.0,,40.0,38820.0,workspace_guid=a7d36cf5-9dd3-4eca-96e9-9e1b991af9ba
2019-12,monthly,Whole,duurzamemobiliteit.databank.nl (RDW),22468.0,213.0,,16917.0,1192.0,,53.0,40843.0,workspace_guid=a7d36cf5-9dd3-4eca-96e9-9e1b991af9ba
2020-01,monthly,Whole,duurzamemobiliteit.databank.nl (RDW),1435.0,1556.0,,38154.0,2437.0,,39.0,43621.0,workspace_guid=a7d36cf5-9dd3-4eca-96e9-9e1b991af9ba
2020-02,monthly,Whole,duurzamemobiliteit.databank.nl (RDW),2760.0,931.0,,24622.0,1238.0,,41.0,29592.0,workspace_guid=a7d36cf5-9dd3-4eca-96e9-9e1b991af9ba
2020-03,monthly,Whole,duurzamemobiliteit.databank.nl (RDW),3915.0,1153.0,,22654.0,1242.0,,88.0,29052.0,workspace_guid=a7d36cf5-9dd3-4eca-96e9-9e1b991af9ba
2020-04,monthly,Whole,duurzamemobiliteit.databank.nl (RDW),1548.0,592.0,,12147.0,573.0,,99.0,14959.0,workspace_guid=a7d36cf5-9dd3-4eca-96e9-9e1b991af9ba
2020-05,monthly,Whole,duurzamemobiliteit.databank.nl (RDW),1383.0,638.0,,11986.0,376.0,,94.0,14477.0,workspace_guid=a7d36cf5-9dd3-4eca-96e9-9e1b991af9ba
2020-06,monthly,Whole,duurzamemobiliteit.databank.nl (RDW),2808.0,1114.0,,19542.0,778.0,,184.0,24426.0,workspace_guid=a7d36cf5-9dd3-4eca-96e9-9e1b991af9ba
2020-07,monthly,Whole,duurzamemobiliteit.databank.nl (RDW),3845.0,1639.0,,27501.0,991.0,,207.0,34183.0,workspace_guid=a7d36cf5-9dd3-4eca-96e9-9e1b991af9ba
2020-08,monthly,Whole,duurzamemobiliteit.databank.nl (RDW),4316.0,1238.0,,19421.0,746.0,,339.0,26060.0,workspace_guid=a7d36cf5-9dd3-4eca-96e9-9e1b991af9ba
2020-09,monthly,Whole,duurzamemobiliteit.databank.nl (RDW),6131.0,1538.0,,20365.0,638.0,,287.0,28959.0,workspace_guid=a7d36cf5-9dd3-4eca-96e9-9e1b991af9ba
2020-10,monthly,Whole,duurzamemobiliteit.databank.nl (RDW),7177.0,1649.0,,21808.0,690.0,,273.0,31597.0,workspace_guid=a7d36cf5-9dd3-4eca-96e9-9e1b991af9ba
2020-11,monthly,Whole,duurzamemobiliteit.databank.nl (RDW),7439.0,1947.0,,22625.0,626.0,,254.0,32891.0,workspace_guid=a7d36cf5-9dd3-4eca-96e9-9e1b991af9ba
2020-12,monthly,Whole,duurzamemobiliteit.databank.nl (RDW),29204.0,1234.0,,11127.0,143.0,,431.0,42139.0,workspace_guid=a7d36cf5-9dd3-4eca-96e9-9e1b991af9ba
2021-01,monthly,Whole,duurzamemobiliteit.databank.nl (RDW),863.0,3273.0,,29265.0,762.0,,157.0,34320.0,workspace_guid=a7d36cf5-9dd3-4eca-96e9-9e1b991af9ba
2021-02,monthly,Whole,duurzamemobiliteit.databank.nl (RDW),1102.0,1721.0,,17869.0,394.0,,144.0,21230.0,workspace_guid=a7d36cf5-9dd3-4eca-96e9-9e1b991af9ba
2021-03,monthly,Whole,duurzamemobiliteit.databank.nl (RDW),2092.0,2651.0,,18078.0,442.0,,125.0,23388.0,workspace_guid=a7d36cf5-9dd3-4eca-96e9-9e1b991af9ba
2021-04,monthly,Whole,duurzamemobiliteit.databank.nl (RDW),2360.0,2671.0,,17391.0,374.0,,172.0,22968.0,workspace_guid=a7d36cf5-9dd3-4eca-96e9-9e1b991af9ba
2021-05,monthly,Whole,duurzamemobiliteit.databank.nl (RDW),3334.0,2630.0,,18346.0,310.0,,151.0,24771.0,workspace_guid=a7d36cf5-9dd3-4eca-96e9-9e1b991af9ba
2021-06,monthly,Whole,duurzamemobiliteit.databank.nl (RDW),5786.0,2925.0,,22856.0,343.0,,285.0,32195.0,workspace_guid=a7d36cf5-9dd3-4eca-96e9-9e1b991af9ba
2021-07,monthly,Whole,duurzamemobiliteit.databank.nl (RDW),3925.0,2420.0,,18779.0,197.0,,271.0,25592.0,workspace_guid=a7d36cf5-9dd3-4eca-96e9-9e1b991af9ba
2021-08,monthly,Whole,duurzamemobiliteit.databank.nl (RDW),4145.0,2238.0,,14351.0,170.0,,121.0,21025.0,workspace_guid=a7d36cf5-9dd3-4eca-96e9-9e1b991af9ba
2021-09,monthly,Whole,duurzamemobiliteit.databank.nl (RDW),5103.0,2684.0,,15796.0,211.0,,195.0,23989.0,workspace_guid=a7d36cf5-9dd3-4eca-96e9-9e1b991af9ba
2021-10,monthly,Whole,duurzamemobiliteit.databank.nl (RDW),5476.0,2630.0,,14914.0,186.0,,276.0,23482.0,workspace_guid=a7d36cf5-9dd3-4eca-96e9-9e1b991af9ba
2021-11,monthly,Whole,duurzamemobiliteit.databank.nl (RDW),7432.0,2983.0,,15899.0,161.0,,232.0,26707.0,workspace_guid=a7d36cf5-9dd3-4eca-96e9-9e1b991af9ba
2021-12,monthly,Whole,duurzamemobiliteit.databank.nl (RDW),20632.0,1965.0,,12112.0,89.0,,272.0,35070.0,workspace_guid=a7d36cf5-9dd3-4eca-96e9-9e1b991af9ba
2022-01,monthly,Whole,duurzamemobiliteit.databank.nl (RDW),2518.0,4030.0,,22683.0,364.0,,333.0,29928.0,workspace_guid=a7d36cf5-9dd3-4eca-96e9-9e1b991af9ba
2022-02,monthly,Whole,duurzamemobiliteit.databank.nl (RDW),3496.0,2656.0,,15786.0,192.0,,121.0,22251.0,workspace_guid=a7d36cf5-9dd3-4eca-96e9-9e1b991af9ba
2022-03,monthly,Whole,duurzamemobiliteit.databank.nl (RDW),5519.0,3267.0,,14891.0,195.0,,135.0,24007.0,workspace_guid=a7d36cf5-9dd3-4eca-96e9-9e1b991af9ba
2022-04,monthly,Whole,duurzamemobiliteit.databank.nl (RDW),4614.0,3082.0,,13054.0,128.0,,119.0,20997.0,workspace_guid=a7d36cf5-9dd3-4eca-96e9-9e1b991af9ba
2022-05,monthly,Whole,duurzamemobiliteit.databank.nl (RDW),4871.0,2797.0,,14657.0,152.0,,143.0,22620.0,workspace_guid=a7d36cf5-9dd3-4eca-96e9-9e1b991af9ba
2022-06,monthly,Whole,duurzamemobiliteit.databank.nl (RDW),6860.0,2692.0,,19089.0,204.0,,404.0,29249.0,workspace_guid=a7d36cf5-9dd3-4eca-96e9-9e1b991af9ba
2022-07,monthly,Whole,duurzamemobiliteit.databank.nl (RDW),4746.0,2001.0,,14281.0,134.0,,135.0,21297.0,workspace_guid=a7d36cf5-9dd3-4eca-96e9-9e1b991af9ba
2022-08,monthly,Whole,duurzamemobiliteit.databank.nl (RDW),5663.0,2319.0,,14772.0,103.0,,113.0,22970.0,workspace_guid=a7d36cf5-9dd3-4eca-96e9-9e1b991af9ba
2022-09,monthly,Whole,duurzamemobiliteit.databank.nl (RDW),5921.0,3127.0,,15882.0,102.0,,151.0,25183.0,workspace_guid=a7d36cf5-9dd3-4eca-96e9-9e1b991af9ba
2022-10,monthly,Whole,duurzamemobiliteit.databank.nl (RDW),6226.0,3296.0,,18467.0,118.0,,167.0,28274.0,workspace_guid=a7d36cf5-9dd3-4eca-96e9-9e1b991af9ba
2022-11,monthly,Whole,duurzamemobiliteit.databank.nl (RDW),6751.0,2860.0,,16995.0,110.0,,333.0,27049.0,workspace_guid=a7d36cf5-9dd3-4eca-96e9-9e1b991af9ba
2022-12,monthly,Whole,duurzamemobiliteit.databank.nl (RDW),13444.0,2045.0,,14533.0,149.0,,243.0,30414.0,workspace_guid=a7d36cf5-9dd3-4eca-96e9-9e1b991af9ba
2023-01,monthly,Whole,duurzamemobiliteit.databank.nl (RDW),4834.0,4059.0,,23086.0,140.0,,164.0,32283.0,workspace_guid=a7d36cf5-9dd3-4eca-96e9-9e1b991af9ba
2023-02,monthly,Whole,duurzamemobiliteit.databank.nl (RDW),6759.0,4242.0,,16119.0,109.0,,153.0,27382.0,workspace_guid=a7d36cf5-9dd3-4eca-96e9-9e1b991af9ba
2023-03,monthly,Whole,duurzamemobiliteit.databank.nl (RDW),12933.0,5187.0,,17927.0,124.0,,152.0,36323.0,workspace_guid=a7d36cf5-9dd3-4eca-96e9-9e1b991af9ba
2023-04,monthly,Whole,duurzamemobiliteit.databank.nl (RDW),8110.0,3749.0,,16644.0,85.0,,113.0,28701.0,workspace_guid=a7d36cf5-9dd3-4eca-96e9-9e1b991af9ba
2023-05,monthly,Whole,duurzamemobiliteit.databank.nl (RDW),10654.0,4275.0,,17363.0,86.0,,159.0,32537.0,workspace_guid=a7d36cf5-9dd3-4eca-96e9-9e1b991af9ba
2023-06,monthly,Whole,duurzamemobiliteit.databank.nl (RDW),13455.0,5006.0,,21541.0,93.0,,304.0,40399.0,workspace_guid=a7d36cf5-9dd3-4eca-96e9-9e1b991af9ba
2023-07,monthly,Whole,duurzamemobiliteit.databank.nl (RDW),6994.0,4030.0,,15791.0,50.0,,162.0,27027.0,workspace_guid=a7d36cf5-9dd3-4eca-96e9-9e1b991af9ba
2023-08,monthly,Whole,duurzamemobiliteit.databank.nl (RDW),8994.0,3418.0,,14552.0,87.0,,186.0,27237.0,workspace_guid=a7d36cf5-9dd3-4eca-96e9-9e1b991af9ba
2023-09,monthly,Whole,duurzamemobiliteit.databank.nl (RDW),10073.0,3573.0,,15299.0,27.0,,218.0,29190.0,workspace_guid=a7d36cf5-9dd3-4eca-96e9-9e1b991af9ba
2023-10,monthly,Whole,duurzamemobiliteit.databank.nl (RDW),8057.0,3374.0,,15976.0,76.0,,198.0,27681.0,workspace_guid=a7d36cf5-9dd3-4eca-96e9-9e1b991af9ba
2023-11,monthly,Whole,duurzamemobiliteit.databank.nl (RDW),9300.0,3003.0,,14821.0,90.0,,297.0,27511.0,workspace_guid=a7d36cf5-9dd3-4eca-96e9-9e1b991af9ba
2023-12,monthly,Whole,duurzamemobiliteit.databank.nl (RDW),10875.0,2217.0,,12492.0,62.0,,315.0,25961.0,workspace_guid=a7d36cf5-9dd3-4eca-96e9-9e1b991af9ba
2024-01,monthly,Whole,duurzamemobiliteit.databank.nl (RDW),8562.0,4872.0,,20193.0,50.0,,219.0,33896.0,workspace_guid=a7d36cf5-9dd3-4eca-96e9-9e1b991af9ba
2024-02,monthly,Whole,duurzamemobiliteit.databank.nl (RDW),8221.0,4171.0,,17161.0,23.0,,247.0,29823.0,workspace_guid=a7d36cf5-9dd3-4eca-96e9-9e1b991af9ba
2024-03,monthly,Whole,duurzamemobiliteit.databank.nl (RDW),12868.0,4803.0,,18345.0,31.0,,258.0,36305.0,workspace_guid=a7d36cf5-9dd3-4eca-96e9-9e1b991af9ba
2024-04,monthly,Whole,duurzamemobiliteit.databank.nl (RDW),8984.0,3845.0,,14420.0,99.0,,211.0,27559.0,workspace_guid=a7d36cf5-9dd3-4eca-96e9-9e1b991af9ba
2024-05,monthly,Whole,duurzamemobiliteit.databank.nl (RDW),9609.0,3922.0,,13840.0,83.0,,95.0,27549.0,workspace_guid=a7d36cf5-9dd3-4eca-96e9-9e1b991af9ba
2024-06,monthly,Whole,duurzamemobiliteit.databank.nl (RDW),11316.0,5139.0,,17956.0,43.0,,206.0,34660.0,workspace_guid=a7d36cf5-9dd3-4eca-96e9-9e1b991af9ba
2024-07,monthly,Whole,duurzamemobiliteit.databank.nl (RDW),8042.0,3940.0,,13990.0,31.0,,107.0,26110.0,workspace_guid=a7d36cf5-9dd3-4eca-96e9-9e1b991af9ba
2024-08,monthly,Whole,duurzamemobiliteit.databank.nl (RDW),9201.0,3767.0,,13880.0,48.0,,170.0,27066.0,workspace_guid=a7d36cf5-9dd3-4eca-96e9-9e1b991af9ba
2024-09,monthly,Whole,duurzamemobiliteit.databank.nl (RDW),12363.0,3565.0,,14452.0,84.0,,128.0,30592.0,workspace_guid=a7d36cf5-9dd3-4eca-96e9-9e1b991af9ba
2024-10,monthly,Whole,duurzamemobiliteit.databank.nl (RDW),10753.0,4950.0,,15792.0,70.0,,162.0,31727.0,workspace_guid=a7d36cf5-9dd3-4eca-96e9-9e1b991af9ba
2024-11,monthly,Whole,duurzamemobiliteit.databank.nl (RDW),13685.0,4879.0,,15374.0,70.0,,135.0,34143.0,workspace_guid=a7d36cf5-9dd3-4eca-96e9-9e1b991af9ba
2024-12,monthly,Whole,duurzamemobiliteit.databank.nl (RDW),17352.0,3368.0,,15773.0,48.0,,239.0,36780.0,workspace_guid=a7d36cf5-9dd3-4eca-96e9-9e1b991af9ba
2025-01,monthly,Whole,duurzamemobiliteit.databank.nl (RDW),11253.0,5226.0,,15859.0,31.0,,57.0,32426.0,workspace_guid=a7d36cf5-9dd3-4eca-96e9-9e1b991af9ba
2025-02,monthly,Whole,duurzamemobiliteit.databank.nl (RDW),10038.0,4201.0,,12783.0,30.0,,50.0,27102.0,workspace_guid=a7d36cf5-9dd3-4eca-96e9-9e1b991af9ba
2025-03,monthly,Whole,duurzamemobiliteit.databank.nl (RDW),11080.0,5934.0,,13383.0,55.0,,148.0,30600.0,workspace_guid=a7d36cf5-9dd3-4eca-96e9-9e1b991af9ba
2025-04,monthly,Whole,duurzamemobiliteit.databank.nl (RDW),9526.0,5314.0,,11348.0,40.0,,111.0,26339.0,workspace_guid=a7d36cf5-9dd3-4eca-96e9-9e1b991af9ba
2025-05,monthly,Whole,duurzamemobiliteit.databank.nl (RDW),10696.0,6330.0,,12286.0,53.0,,100.0,29465.0,workspace_guid=a7d36cf5-9dd3-4eca-96e9-9e1b991af9ba
2025-06,monthly,Whole,duurzamemobiliteit.databank.nl (RDW),12691.0,7009.0,,14369.0,51.0,,138.0,34258.0,workspace_guid=a7d36cf5-9dd3-4eca-96e9-9e1b991af9ba
2025-07,monthly,Whole,duurzamemobiliteit.databank.nl (RDW),9282.0,6669.0,,12160.0,77.0,,64.0,28252.0,workspace_guid=a7d36cf5-9dd3-4eca-96e9-9e1b991af9ba
2025-08,monthly,Whole,duurzamemobiliteit.databank.nl (RDW),8937.0,5409.0,,11237.0,38.0,,103.0,25724.0,workspace_guid=a7d36cf5-9dd3-4eca-96e9-9e1b991af9ba
2025-09,monthly,Whole,duurzamemobiliteit.databank.nl (RDW),12014.0,6156.0,,13414.0,16.0,,98.0,31698.0,workspace_guid=a7d36cf5-9dd3-4eca-96e9-9e1b991af9ba
2025-10,monthly,Whole,duurzamemobiliteit.databank.nl (RDW),13864.0,6657.0,,13264.0,19.0,,111.0,33915.0,workspace_guid=a7d36cf5-9dd3-4eca-96e9-9e1b991af9ba
2025-11,monthly,Whole,duurzamemobiliteit.databank.nl (RDW),17078.0,5644.0,,11828.0,10.0,,130.0,34690.0,workspace_guid=a7d36cf5-9dd3-4eca-96e9-9e1b991af9ba
2025-12,monthly,Whole,duurzamemobiliteit.databank.nl (RDW),30997.0,4336.0,,11872.0,12.0,,208.0,47425.0,workspace_guid=a7d36cf5-9dd3-4eca-96e9-9e1b991af9ba
2026-01,monthly,Whole,duurzamemobiliteit.databank.nl (RDW),6863.0,7649.0,,12888.0,15.0,,11.0,27426.0,workspace_guid=a7d36cf5-9dd3-4eca-96e9-9e1b991af9ba
2026-02,monthly,Whole,duurzamemobiliteit.databank.nl (RDW),6675.0,5129.0,,9585.0,13.0,,11.0,21413.0,workspace_guid=a7d36cf5-9dd3-4eca-96e9-9e1b991af9ba
2026-03,monthly,Whole,duurzamemobiliteit.databank.nl (RDW),10944.0,7139.0,,12360.0,16.0,,88.0,30547.0,workspace_guid=a7d36cf5-9dd3-4eca-96e9-9e1b991af9ba
2026-04,monthly,Whole,duurzamemobiliteit.databank.nl (RDW),9457.0,5767.0,,9376.0,16.0,,111.0,24727.0,workspace_guid=a7d36cf5-9dd3-4eca-96e9-9e1b991af9ba
